freq,unit,geo\TIME_PERIOD	2014 	2015 	2016 	2017 	2018 	2019 	2020 	2021 
A,PC_EMP,AT	4.0 	4.0 	4.1 	4.1 	4.2 	4.2 	3.8 	3.9 b
A,PC_EMP,AT1	5.2 	5.0 	5.4 	5.4 	5.6 	5.4 	5.0 	5.2 b
A,PC_EMP,AT11	2.6 u	2.4 u	2.7 u	: u	2.9 u	2.7 u	2.3 u	: bu
A,PC_EMP,AT12	3.3 	2.6 	3.0 	3.6 	3.5 	3.5 	3.0 	2.9 b
A,PC_EMP,AT13	7.5 	7.8 	8.1 	7.8 	8.0 	7.6 	7.3 	7.8 b
A,PC_EMP,AT2	2.6 	2.8 	3.1 	2.7 	2.9 	3.0 	2.8 	3.0 b
A,PC_EMP,AT21	2.7 	2.8 	3.1 	2.7 	2.8 	2.8 	2.8 	2.6 b
A,PC_EMP,AT22	2.6 	2.9 	3.0 	2.8 	3.0 	3.0 	2.8 	3.2 b
A,PC_EMP,AT3	3.4 	3.4 	3.1 	3.3 	3.3 	3.4 	3.0 	3.0 b
A,PC_EMP,AT31	2.4 	2.9 	2.7 	2.9 	2.8 	2.8 	2.2 	2.3 b
A,PC_EMP,AT32	4.5 	4.3 	3.8 	3.6 	3.6 	4.0 	4.1 	4.5 b
A,PC_EMP,AT33	4.2 	3.6 	3.2 	3.8 	4.0 	4.2 	3.3 	3.1 b
A,PC_EMP,AT34	4.1 	3.9 	3.7 	3.6 	3.3 	3.1 	3.4 	3.3 b
A,PC_EMP,BE	4.1 	4.0 	3.9 	4.3 b	4.3 b	4.2 	4.5 	4.3 b
A,PC_EMP,BE1	7.7 	7.4 	7.7 	7.9 b	8.1 b	7.4 	8.4 	8.8 b
A,PC_EMP,BE10	7.7 	7.4 	7.7 	7.9 b	8.1 b	7.4 	8.4 	8.8 b
A,PC_EMP,BE2	3.7 	3.7 	3.4 	3.8 b	3.8 b	3.9 	4.0 	3.7 b
A,PC_EMP,BE21	4.0 	4.2 	3.5 	4.2 b	4.1 b	4.6 	5.3 	4.8 b
A,PC_EMP,BE22	2.7 	2.8 	2.7 	2.4 b	1.9 b	2.7 	2.8 	2.6 b
A,PC_EMP,BE23	4.1 	3.9 	4.2 	4.5 b	4.9 b	4.3 	3.9 	4.2 b
A,PC_EMP,BE24	4.3 	3.8 	3.9 	3.7 b	4.0 b	3.8 	4.0 	3.5 b
A,PC_EMP,BE25	3.1 	3.1 	2.4 	3.1 b	3.0 b	3.0 	2.9 	2.6 b
A,PC_EMP,BE3	3.6 	3.5 	3.6 	4.1 b	4.2 b	4.0 	4.1 	4.1 b
A,PC_EMP,BE31	5.2 	5.6 	5.0 	7.7 b	7.0 b	5.9 	5.5 	6.0 b
A,PC_EMP,BE32	3.0 	2.5 	3.0 	3.6 b	3.3 b	3.2 	3.0 	3.3 b
A,PC_EMP,BE33	4.0 	3.9 	4.4 	3.9 b	4.0 b	4.2 	5.0 	4.5 b
A,PC_EMP,BE34	3.7 u	3.0 u	3.4 u	3.6 bu	3.7 bu	2.9 u	3.3 u	3.0 bu
A,PC_EMP,BE35	2.9 	3.6 	2.6 u	3.0 b	4.2 b	4.3 	4.2 	4.0 b
A,PC_EMP,BG	2.8 	2.9 	2.9 	2.8 	2.7 	2.7 b	2.9 	3.0 b
A,PC_EMP,BG3	1.8 	2.2 	2.2 	2.0 	2.0 	2.0 b	2.0 	1.9 b
A,PC_EMP,BG31	1.7 u	1.6 u	1.7 u	1.5 u	1.7 u	1.7 bu	1.7 u	1.8 bu
A,PC_EMP,BG32	1.9 u	1.8 u	2.3 	2.5 	2.4 	2.2 b	1.9 u	2.1 b
A,PC_EMP,BG33	1.8 u	2.4 	2.2 	1.9 	1.7 	2.1 b	2.4 	2.1 b
A,PC_EMP,BG34	1.8 u	2.7 	2.6 	2.0 	2.1 	2.1 b	1.9 	1.7 b
A,PC_EMP,BG4	3.6 	3.5 	3.5 	3.5 	3.4 	3.3 b	3.8 	3.9 b
A,PC_EMP,BG41	4.5 	4.4 	4.5 	4.5 	4.2 	4.1 b	5.0 	4.9 b
A,PC_EMP,BG42	2.2 	1.9 	1.8 	1.8 	2.0 	2.0 b	1.8 	2.2 b
A,PC_EMP,CH	5.3 	5.5 	5.4 	5.3 	5.3 	5.4 	5.1 	4.9 b
A,PC_EMP,CH0	5.3 	5.5 	5.4 	5.3 	5.3 	5.4 	5.1 	4.9 b
A,PC_EMP,CH01	6.6 	6.3 	5.5 	5.8 	6.0 	6.0 	5.7 	5.4 b
A,PC_EMP,CH02	4.7 	4.7 	4.7 	4.6 	4.5 	4.4 	4.1 	4.0 b
A,PC_EMP,CH03	5.1 	5.9 	5.7 	5.2 	5.2 	5.1 	5.4 	5.1 b
A,PC_EMP,CH04	6.7 	6.6 	6.8 	6.9 	7.2 	7.0 	7.0 	6.3 b
A,PC_EMP,CH05	4.0 	4.2 	4.3 	4.1 	4.0 	4.2 	3.8 	3.8 b
A,PC_EMP,CH06	4.0 	4.7 	4.8 	4.5 	4.1 	5.1 	4.3 	4.1 b
A,PC_EMP,CH07	5.9 	6.2 	5.7 	5.7 	6.4 	6.5 	6.2 	5.7 b
A,PC_EMP,CY	3.2 	3.4 b	3.5 	3.5 	3.5 	3.4 	3.2 	3.5 b
A,PC_EMP,CY0	3.2 	3.4 b	3.5 	3.5 	3.5 	3.4 	3.2 	3.5 b
A,PC_EMP,CY00	3.2 	3.4 b	3.5 	3.5 	3.5 	3.4 	3.2 	3.5 b
A,PC_EMP,CZ	3.8 	3.7 	4.1 	3.9 	3.7 	3.6 	3.9 	4.0 b
A,PC_EMP,CZ0	3.8 	3.7 	4.1 	3.9 	3.7 	3.6 	3.9 	4.0 b
A,PC_EMP,CZ01	9.9 	8.4 	10.0 	8.8 	8.9 	8.6 	8.8 	9.3 b
A,PC_EMP,CZ02	3.8 	3.9 	4.1 	4.1 	3.7 	3.7 	4.2 	4.4 b
A,PC_EMP,CZ03	2.7 	3.0 	2.7 	2.3 	2.5 	2.9 	3.3 	3.2 b
A,PC_EMP,CZ04	2.8 	2.6 	3.6 	3.2 	2.2 	2.1 	2.7 	3.1 b
A,PC_EMP,CZ05	2.7 	3.1 	2.8 	3.4 	3.1 	2.8 	3.0 	2.8 b
A,PC_EMP,CZ06	3.2 	3.2 	3.4 	3.6 	3.2 	3.2 	3.2 	2.9 b
A,PC_EMP,CZ07	2.6 	2.2 	2.8 	2.6 	2.8 	2.0 	2.8 	2.7 b
A,PC_EMP,CZ08	2.5 	2.8 	3.1 	2.6 	2.7 	2.9 	2.4 	3.3 b
A,PC_EMP,DE	4.1 	4.1 	4.0 	4.0 	4.0 	4.0 	3.8 bp	3.8 bp
A,PC_EMP,DE1	4.2 	4.0 	3.9 	3.8 	3.8 	3.8 	3.9 bp	3.5 bp
A,PC_EMP,DE11	4.6 	4.5 	4.5 	4.1 	4.1 	4.2 	4.2 bp	3.6 bp
A,PC_EMP,DE12	4.3 	4.0 	3.8 	4.1 	3.7 	3.6 	4.0 bp	3.6 bp
A,PC_EMP,DE13	3.7 	3.7 	3.8 	3.6 	3.5 	3.8 	3.3 bu	3.6 bp
A,PC_EMP,DE14	3.7 	3.6 	3.0 	3.0 	3.3 	3.3 	3.6 bu	3.1 bu
A,PC_EMP,DE2	4.2 	4.2 	4.1 	4.0 	4.0 	3.9 	3.5 bp	3.9 bp
A,PC_EMP,DE21	5.9 	5.9 	5.8 	5.6 	5.7 	5.3 	4.6 bp	5.6 bp
A,PC_EMP,DE22	2.2 	2.1 	2.2 	2.2 	2.3 	2.6 	: bu	: bu
A,PC_EMP,DE23	2.4 	2.7 	2.7 	3.1 	2.5 	3.0 	: bu	: bu
A,PC_EMP,DE24	2.9 	3.1 	3.3 	2.6 	2.7 	2.7 	: bu	: bu
A,PC_EMP,DE25	3.8 	3.9 	3.8 	3.4 	3.6 	3.8 	: bu	3.3 bu
A,PC_EMP,DE26	3.4 	3.2 	3.2 	3.2 	2.8 	2.7 	: bu	: bu
A,PC_EMP,DE27	3.9 	3.7 	3.6 	3.6 	3.9 	3.6 	3.9 bp	3.0 bu
A,PC_EMP,DE3	10.5 	10.7 	10.1 	10.2 	10.4 	10.8 	9.9 bp	9.6 bp
A,PC_EMP,DE30	10.5 	10.7 	10.1 	10.2 	10.4 	10.8 	9.9 bp	9.6 bp
A,PC_EMP,DE4	2.7 	3.0 	2.9 	3.0 	3.2 	2.9 	3.0 bu	2.5 bu
A,PC_EMP,DE40	2.7 	3.0 	2.9 	3.0 	3.2 	2.9 	3.0 bu	2.5 bu
A,PC_EMP,DE5	4.9 	3.7 	4.0 	4.3 	4.4 	4.1 	: bu	: bu
A,PC_EMP,DE50	4.9 	3.7 	4.0 	4.3 	4.4 	4.1 	: bu	: bu
A,PC_EMP,DE6	8.1 	8.2 	7.9 	8.2 	7.9 	7.8 	7.5 bp	8.3 bp
A,PC_EMP,DE60	8.1 	8.2 	7.9 	8.2 	7.9 	7.8 	7.5 bp	8.3 bp
A,PC_EMP,DE7	4.1 	3.8 	3.9 	4.1 	3.9 	3.8 	3.5 bp	3.8 bp
A,PC_EMP,DE71	4.7 	4.4 	4.3 	4.5 	4.5 	4.3 	4.0 bp	4.3 bp
A,PC_EMP,DE72	3.5 	3.1 	3.0 	3.0 	2.4 	2.8 	: bu	: bu
A,PC_EMP,DE73	2.7 	2.5 	3.7 	3.8 	3.4 	3.0 	: bu	: bu
A,PC_EMP,DE8	2.8 	3.3 	2.8 	2.6 	2.7 	2.7 	: bu	: bu
A,PC_EMP,DE80	2.8 	3.3 	2.8 	2.6 	2.7 	2.7 	: bu	: bu
A,PC_EMP,DE9	3.2 	3.1 	3.0 	3.0 	2.8 	2.8 	2.8 bp	3.0 bp
A,PC_EMP,DE91	3.3 	3.2 	3.2 	3.1 	2.8 	3.0 	: bu	: bu
A,PC_EMP,DE92	3.9 	4.1 	3.8 	3.3 	3.4 	3.2 	3.0 bu	3.3 bu
A,PC_EMP,DE93	3.1 	2.5 	2.9 	3.0 	2.7 	2.5 	3.1 bu	3.1 bu
A,PC_EMP,DE94	2.7 	2.8 	2.4 	2.5 	2.3 	2.5 	2.4 bu	2.6 bu
A,PC_EMP,DEA	3.8 	3.9 	3.7 	3.7 	3.6 	3.6 	3.6 bp	3.6 bp
A,PC_EMP,DEA1	3.6 	3.7 	3.6 	3.6 	3.4 	3.5 	3.5 bp	3.5 bp
A,PC_EMP,DEA2	4.9 	5.0 	4.8 	4.9 	4.7 	4.8 	4.9 bp	4.6 bp
A,PC_EMP,DEA3	3.2 	3.4 	2.9 	2.7 	2.9 	3.1 	2.7 bu	3.0 bu
A,PC_EMP,DEA4	3.9 	3.9 	3.5 	3.9 	3.8 	3.7 	3.2 bu	3.4 bu
A,PC_EMP,DEA5	2.9 	3.1 	2.9 	2.9 	2.7 	2.7 	2.8 bp	2.8 bp
A,PC_EMP,DEB	3.1 	2.9 	3.4 	3.3 	3.3 	3.4 	3.2 bp	3.4 bp
A,PC_EMP,DEB1	2.7 	2.5 	3.0 	3.0 	2.9 	3.0 	: bu	: bu
A,PC_EMP,DEB2	3.2 	2.6 	2.9 	3.0 	2.9 	3.3 	: bu	: bu
A,PC_EMP,DEB3	3.3 	3.3 	3.8 	3.6 	3.7 	3.6 	3.5 bu	3.5 bu
A,PC_EMP,DEC	2.8 	2.9 	3.2 	2.8 	3.2 	3.0 	: bu	: bu
A,PC_EMP,DEC0	2.8 	2.9 	3.2 	2.8 	3.2 	3.0 	: bu	: bu
A,PC_EMP,DED	3.8 	3.8 	3.8 	3.8 	4.0 	3.9 	3.6 bp	3.4 bp
A,PC_EMP,DED2	3.9 	3.7 	4.2 	4.1 	4.1 	3.6 	3.3 bu	3.4 bu
A,PC_EMP,DED4	3.0 	2.9 	2.3 	2.6 	2.8 	3.0 	: bu	: bu
A,PC_EMP,DED5	5.0 	5.5 	5.1 	5.0 	5.5 	5.5 	: bu	: bu
A,PC_EMP,DEE	2.6 	2.5 	2.3 	2.3 	2.4 	2.3 	: bu	: bu
A,PC_EMP,DEE0	2.6 	2.5 	2.3 	2.3 	2.4 	2.3 	: bu	: bu
A,PC_EMP,DEF	3.8 	3.7 	3.8 	3.5 	3.4 	3.4 	3.2 bp	3.0 bp
A,PC_EMP,DEF0	3.8 	3.7 	3.8 	3.5 	3.4 	3.4 	3.2 bp	3.0 bp
A,PC_EMP,DEG	3.1 	3.0 	2.8 	2.9 	3.0 	3.3 	3.3 bu	2.8 bu
A,PC_EMP,DEG0	3.1 	3.0 	2.8 	2.9 	3.0 	3.3 	3.3 bu	2.8 bu
A,PC_EMP,DK	4.8 	4.8 	4.7 b	4.6 b	4.4 	4.5 	4.6 	4.6 b
A,PC_EMP,DK0	4.8 	4.8 	4.7 b	4.6 b	4.4 	4.5 	4.6 	4.6 b
A,PC_EMP,DK01	7.3 	7.2 	6.7 b	6.3 b	6.3 	7.0 	7.0 	7.0 b
A,PC_EMP,DK02	3.1 	2.9 	2.8 b	3.3 b	3.1 	3.1 	2.8 	2.9 b
A,PC_EMP,DK03	3.2 	3.2 	3.2 b	3.2 b	3.2 	3.0 	3.0 	3.3 b
A,PC_EMP,DK04	4.4 	4.8 	4.6 b	4.9 b	4.0 	3.8 	4.1 	3.8 b
A,PC_EMP,DK05	3.4 	3.1 	3.5 b	3.3 b	3.1 	3.1 	3.0 	3.1 b
A,PC_EMP,EE	4.6 	5.2 	5.2 	5.4 	5.4 	5.1 	5.1 	4.9 b
A,PC_EMP,EE0	4.6 	5.2 	5.2 	5.4 	5.4 	5.1 	5.1 	4.9 b
A,PC_EMP,EE00	4.6 	5.2 	5.2 	5.4 	5.4 	5.1 	5.1 	4.9 b
A,PC_EMP,EL	3.4 	3.1 	3.4 	3.4 	3.4 	3.4 	3.2 	3.7 b
A,PC_EMP,EL3	4.9 	4.5 	5.1 	5.1 	4.9 	4.9 	4.6 	5.6 b
A,PC_EMP,EL30	4.9 	4.5 	5.1 	5.1 	4.9 	4.9 	4.6 	5.6 b
A,PC_EMP,EL4	2.8 	2.4 	2.7 	2.3 	2.6 	2.3 	2.5 	2.5 b
A,PC_EMP,EL41	3.1 u	2.2 u	2.7 u	2.8 u	1.9 u	2.4 u	2.9 u	2.5 bu
A,PC_EMP,EL42	3.0 	1.7 u	1.8 u	1.8 u	2.2 u	1.8 u	2.6 u	3.1 b
A,PC_EMP,EL43	2.5 	3.0 	3.3 	2.4 	3.0 	2.6 	2.3 	2.2 b
A,PC_EMP,EL5	2.5 	2.4 	2.6 	2.8 	2.9 	2.9 	2.8 	2.7 b
A,PC_EMP,EL51	1.8 u	1.5 u	1.7 u	1.7 	1.8 	1.8 	1.7 u	2.4 b
A,PC_EMP,EL52	2.8 	2.8 	3.1 	3.3 	3.6 	3.5 	3.3 	3.1 b
A,PC_EMP,EL53	2.3 u	1.7 u	2.1 u	1.9 u	: u	1.8 u	1.7 u	1.6 bu
A,PC_EMP,EL54	2.2 u	2.4 u	2.3 u	3.0 u	2.5 u	3.1 	2.9 u	1.6 bu
A,PC_EMP,EL6	2.2 	2.1 	2.1 	2.0 	2.2 	1.9 	1.9 	2.2 b
A,PC_EMP,EL61	2.4 	2.3 	2.4 	2.6 	2.6 	2.2 	2.1 	2.5 b
A,PC_EMP,EL62	3.4 u	2.0 u	2.2 u	1.9 u	: u	2.0 u	2.0 u	: bu
A,PC_EMP,EL63	1.9 	1.9 	2.3 	2.0 	2.2 	1.5 u	1.7 	1.9 b
A,PC_EMP,EL64	2.0 u	2.3 	1.7 u	1.5 u	1.6 u	1.2 u	1.5 u	1.8 bu
A,PC_EMP,EL65	1.9 	1.9 	1.8 	1.7 	2.4 	2.7 	2.3 	2.6 b
A,PC_EMP,ES	3.5 	3.5 	3.6 	3.7 	3.6 	3.7 	3.5 	3.7 bd
A,PC_EMP,ES1	3.1 	3.1 	3.2 	3.3 	3.3 	3.0 	3.0 	2.9 bd
A,PC_EMP,ES2	3.2 	3.5 	3.6 	3.2 	3.1 	3.3 	3.2 	3.8 bd
A,PC_EMP,ES3	5.1 	5.4 	5.4 	5.4 	5.3 	5.2 	5.0 	5.1 bd
A,PC_EMP,ES4	2.4 	2.4 	2.6 	2.5 	2.5 	2.4 	2.3 	2.3 bd
A,PC_EMP,ES5	3.7 	3.7 	3.7 	4.1 	3.9 	4.0 	4.1 	4.5 bd
A,PC_EMP,ES6	2.7 	2.7 	2.8 	3.0 	3.1 	3.1 	2.7 	2.6 bd
A,PC_EMP,ES7	2.3 	2.9 	2.6 	2.8 	2.7 	3.5 	2.5 	2.9 bd
A,PC_EMP,EU27_2020	3.6 	3.6 	3.6 	3.7 	3.7 	3.7 	3.6 	3.7 b
A,PC_EMP,FI	4.8 	5.1 	4.8 	4.7 	4.9 	5.1 	5.1 	4.6 b
A,PC_EMP,FI1	4.9 	5.1 	4.8 	4.7 	5.0 	5.1 	5.1 	4.6 b
A,PC_EMP,FI19	4.0 	4.2 	4.2 	4.2 	4.3 	4.3 	4.4 	4.2 b
A,PC_EMP,FI1B	7.6 	7.5 	6.8 	6.3 	6.9 	7.3 	7.0 	6.5 b
A,PC_EMP,FI1C	3.7 	4.4 	3.9 	3.9 	4.1 	4.6 	4.3 	3.4 b
A,PC_EMP,FI1D	2.8 	3.0 	3.3 	3.5 	3.6 	3.4 	3.5 	3.3 b
A,PC_EMP,FI2	: u	: u	: u	: u	: u	: u	: u	: bu
A,PC_EMP,FI20	: u	: u	: u	: u	: u	: u	: u	: bu
A,PC_EMP,FR	3.4 	3.2 	3.4 	3.5 	3.5 	3.5 	3.6 	3.9 bd
A,PC_EMP,FR1	6.1 	5.7 	5.8 	6.4 	6.9 	6.5 	6.7 	7.0 bd
A,PC_EMP,FR10	6.1 	5.7 	5.8 	6.4 	6.9 	6.5 	6.7 	7.0 bd
A,PC_EMP,FRB	2.6 	3.0 	2.7 	1.8 	2.3 	2.4 	3.0 	2.3 bd
A,PC_EMP,FRB0	2.6 	3.0 	2.7 	1.8 	2.3 	2.4 	3.0 	2.3 bd
A,PC_EMP,FRC	2.5 	2.2 	2.1 	2.5 	2.3 	2.9 	3.0 	2.6 bd
A,PC_EMP,FRC1	2.7 	2.6 	2.0 	2.7 	2.0 	2.7 	2.9 	2.6 bd
A,PC_EMP,FRC2	2.2 	1.7 u	2.2 	2.4 	2.8 	3.2 	3.1 	2.7 bd
A,PC_EMP,FRD	2.1 	1.9 	1.9 	2.3 	2.3 	2.4 	2.5 	2.8 bd
A,PC_EMP,FRD1	2.6 	2.6 	2.1 	2.4 	2.2 	3.0 	2.5 	3.0 bd
A,PC_EMP,FRD2	1.8 	1.3 u	1.7 	2.2 	2.3 	1.9 	2.5 	2.6 bd
A,PC_EMP,FRE	1.9 	2.4 	2.1 	2.0 	1.9 	2.2 	1.9 	2.2 bd
A,PC_EMP,FRE1	2.1 	2.4 	2.2 	2.0 	1.7 	2.1 	1.9 	1.8 bd
A,PC_EMP,FRE2	1.4 	2.2 	2.0 	2.1 	2.2 	2.5 	1.9 	3.2 bd
A,PC_EMP,FRF	3.2 	2.4 	2.8 	2.3 	2.4 	2.7 	2.1 	2.5 bd
A,PC_EMP,FRF1	3.9 	2.8 	3.1 	3.2 	3.0 	2.7 	2.2 	3.4 bd
A,PC_EMP,FRF2	2.2 	2.0 u	2.1 	1.8 u	1.8 u	1.9 u	2.3 	2.0 bd
A,PC_EMP,FRF3	3.0 	2.4 	2.8 	1.8 	2.1 	3.2 	1.9 	1.9 bd
A,PC_EMP,FRG	2.3 	2.4 	2.9 	3.4 	2.9 	2.7 	2.6 	3.1 bd
A,PC_EMP,FRG0	2.3 	2.4 	2.9 	3.4 	2.9 	2.7 	2.6 	3.1 bd
A,PC_EMP,FRH	3.2 	2.0 	2.2 	2.7 	2.9 	3.0 	3.3 	2.6 bd
A,PC_EMP,FRH0	3.2 	2.0 	2.2 	2.7 	2.9 	3.0 	3.3 	2.6 bd
A,PC_EMP,FRI	2.7 	2.7 	2.8 	2.8 	2.8 	3.2 	3.6 	3.9 bd
A,PC_EMP,FRI1	2.7 	2.6 	2.9 	3.3 	3.3 	3.7 	4.0 	4.3 bd
A,PC_EMP,FRI2	2.8 u	2.9 u	1.7 u	2.3 u	2.6 u	2.4 u	2.6 u	3.8 bd
A,PC_EMP,FRI3	2.6 	2.9 	3.1 	2.0 	1.9 	2.8 	3.3 	3.3 bd
A,PC_EMP,FRJ	2.7 	2.9 	2.9 	3.1 	3.2 	3.1 	3.1 	3.5 bd
A,PC_EMP,FRJ1	2.8 	2.6 	2.7 	3.2 	2.7 	3.1 	3.7 	4.3 bd
A,PC_EMP,FRJ2	2.6 	3.1 	3.1 	3.1 	3.6 	3.1 	2.6 	2.9 bd
A,PC_EMP,FRK	3.2 	3.0 	3.3 	3.1 	3.0 	2.9 	2.8 	3.8 bd
A,PC_EMP,FRK1	2.4 	3.3 	4.8 	2.8 	2.1 	2.7 	3.0 	2.7 bd
A,PC_EMP,FRK2	3.4 	3.0 	3.0 	3.1 	3.2 	2.9 	2.7 	4.0 bd
A,PC_EMP,FRL	2.7 	3.1 	3.5 	3.8 	3.0 	3.2 	3.5 	3.9 bd
A,PC_EMP,FRL0	2.7 	3.1 	3.5 	3.8 	3.0 	3.2 	3.5 	3.9 bd
A,PC_EMP,FRM	4.4 u	3.4 u	1.6 u	2.0 u	: u	: u	: u	4.5 bu
A,PC_EMP,FRY	2.4 	2.3 	2.4 	2.6 	2.4 	2.3 	2.3 	2.6 bd
A,PC_EMP,HR	3.8 	3.4 	3.1 	3.5 	3.3 	3.6 	3.9 	3.3 b
A,PC_EMP,HR0	3.8 	3.4 	3.1 	3.5 	3.3 	3.6 	3.9 	3.3 b
A,PC_EMP,HR02	: 	: 	1.4 u	1.2 u	1.6 u	2.1 u	3.0 	2.1 bu
A,PC_EMP,HR03	2.7 	2.8 	2.8 	3.5 	2.7 	3.2 	3.8 	3.3 b
A,PC_EMP,HR04	4.3 	3.7 	: 	: 	: 	: 	: 	: 
A,PC_EMP,HR05	: 	: 	6.6 	7.2 	6.5 	7.2 	6.3 	5.6 b
A,PC_EMP,HR06	: 	: 	2.1 u	2.6 u	2.5 u	2.3 u	2.5 u	2.5 bu
A,PC_EMP,HU	3.7 	3.7 	3.6 	3.3 	3.4 	3.6 	3.9 	3.6 b
A,PC_EMP,HU1	5.9 	6.4 	6.2 	5.6 	6.1 	6.5 	6.7 	6.0 b
A,PC_EMP,HU11	7.0 	8.5 	8.0 	7.3 	7.8 	8.2 	8.6 	7.8 b
A,PC_EMP,HU12	4.3 	3.2 	3.5 	3.1 	3.6 	4.1 	4.0 	3.6 b
A,PC_EMP,HU2	2.7 	2.5 	2.4 	2.2 	2.2 	2.3 	2.6 	2.5 b
A,PC_EMP,HU21	2.6 	2.2 	2.1 	2.1 	2.5 	2.3 	2.6 	2.4 b
A,PC_EMP,HU22	2.5 	2.0 	2.4 	2.5 	2.0 	2.3 	2.9 	2.8 b
A,PC_EMP,HU23	3.1 	3.5 	2.6 	1.9 	2.0 	2.6 	2.1 	2.1 b
A,PC_EMP,HU3	2.5 	2.4 	2.4 	2.3 	2.0 	2.2 	2.6 	2.3 b
A,PC_EMP,HU31	2.4 	2.2 	2.2 	2.5 	1.8 	1.8 	2.4 	2.4 b
A,PC_EMP,HU32	2.4 	2.1 	2.1 	2.0 	2.0 	2.1 	2.4 	2.0 b
A,PC_EMP,HU33	2.5 	2.9 	2.8 	2.5 	2.2 	2.6 	2.9 	2.6 b
A,PC_EMP,IE	4.0 	3.8 	3.9 	3.6 b	3.5 	3.3 	3.3 	3.1 b
A,PC_EMP,IE0	4.0 	3.8 	3.9 	3.6 b	3.5 	3.3 	3.3 	3.1 b
A,PC_EMP,IE04	2.5 	2.7 	2.6 	2.4 b	2.6 	2.5 	2.5 	2.3 b
A,PC_EMP,IE05	3.0 	3.0 	2.9 	2.8 b	2.5 	2.4 	2.4 	2.5 b
A,PC_EMP,IE06	5.1 	4.6 	4.9 	4.5 b	4.5 	4.2 	4.0 	3.7 b
A,PC_EMP,IS	6.1 	6.3 	6.5 	5.9 	5.6 	5.6 	5.7 b	5.8 b
A,PC_EMP,IS0	6.1 	6.3 	6.5 	5.9 	5.6 	5.6 	5.7 b	5.8 b
A,PC_EMP,IS00	6.1 	6.3 	6.5 	5.9 	5.6 	5.6 	5.7 b	5.8 b
A,PC_EMP,IT	3.6 	3.6 	3.5 	3.6 b	3.6 	3.6 	3.5 	3.4 b
A,PC_EMP,ITC	4.1 	4.2 	4.0 	4.0 b	4.1 	4.2 	3.8 	3.8 b
A,PC_EMP,ITC1	3.5 	3.7 	3.3 	4.0 b	4.2 	4.0 	3.3 	3.5 b
A,PC_EMP,ITC2	4.0 u	3.2 u	3.2 u	3.4 bu	3.3 u	3.4 u	3.2 u	2.9 bu
A,PC_EMP,ITC3	2.5 	2.8 	3.4 	3.2 b	2.8 	3.4 	3.0 	2.7 b
A,PC_EMP,ITC4	4.6 	4.6 	4.4 	4.1 b	4.3 	4.3 	4.1 	4.0 b
A,PC_EMP,ITF	2.4 	2.4 	2.4 	2.5 b	2.6 	2.4 	2.3 	2.2 b
A,PC_EMP,ITF1	2.5 	2.5 	2.1 	2.6 b	2.9 	2.9 	2.8 	2.5 b
A,PC_EMP,ITF2	1.5 u	2.6 	2.5 	2.5 b	3.4 	2.8 	2.1 u	2.2 bu
A,PC_EMP,ITF3	2.4 	2.3 	2.7 	2.7 b	2.7 	2.4 	2.5 	2.6 b
A,PC_EMP,ITF4	2.4 	2.2 	2.2 	2.3 b	2.3 	2.3 	2.2 	1.8 b
A,PC_EMP,ITF5	2.5 	2.8 	2.4 	2.3 b	2.5 	2.4 	3.2 	2.9 b
A,PC_EMP,ITF6	2.3 	2.6 	2.2 	2.3 b	2.6 	2.3 	1.3 	1.6 b
A,PC_EMP,ITG	2.5 	2.5 	2.3 	2.4 b	2.3 	2.3 	2.4 	2.5 b
A,PC_EMP,ITG1	2.4 	2.4 	2.2 	2.4 b	2.4 	2.3 	2.6 	2.5 b
A,PC_EMP,ITG2	2.6 	2.7 	2.5 	2.5 b	2.3 	2.2 	2.0 	2.3 b
A,PC_EMP,ITH	3.7 	3.8 	3.8 	3.4 b	3.5 	3.6 	3.4 	3.5 b
A,PC_EMP,ITH1	4.0 	3.9 	3.5 	2.9 b	3.0 	2.7 	3.0 	3.2 b
A,PC_EMP,ITH2	3.7 	3.6 	3.9 	4.4 b	4.2 	4.6 	4.8 	4.3 b
A,PC_EMP,ITH3	3.3 	3.5 	3.8 	3.5 b	3.4 	3.8 	3.5 	3.9 b
A,PC_EMP,ITH4	3.5 	3.1 	3.0 	2.9 b	3.1 	3.3 	2.7 	3.3 b
A,PC_EMP,ITH5	4.0 	4.3 	4.0 	3.5 b	3.6 	3.4 	3.2 	3.0 b
A,PC_EMP,ITI	4.3 	4.3 	4.2 	4.5 b	4.2 	4.2 	4.5 	4.3 b
A,PC_EMP,ITI1	4.1 	4.1 	4.1 	4.5 b	4.0 	4.0 	4.3 	4.2 b
A,PC_EMP,ITI2	3.3 	3.2 	3.5 	4.3 b	3.8 	3.0 	3.4 	3.5 b
A,PC_EMP,ITI3	2.8 	3.5 	3.6 	3.8 b	3.2 	3.6 	4.2 	3.5 b
A,PC_EMP,ITI4	4.9 	4.8 	4.4 	4.7 b	4.7 	4.7 	4.8 	4.7 b
A,PC_EMP,LT	4.0 	4.0 	3.6 	3.7 	4.0 	3.9 	4.0 	4.0 b
A,PC_EMP,LT0	4.0 	4.0 	3.6 	3.7 	4.0 	3.9 	4.0 	4.0 b
A,PC_EMP,LT01	5.9 	5.8 	5.0 	4.7 	5.6 	5.5 	4.9 	5.3 b
A,PC_EMP,LT02	3.3 	3.2 	3.0 	3.2 	3.3 	3.1 	3.5 	3.3 b
A,PC_EMP,LU	6.0 	5.0 b	5.1 	4.6 	5.3 	5.1 	4.2 	4.3 b
A,PC_EMP,LU0	6.0 	5.0 b	5.1 	4.6 	5.3 	5.1 	4.2 	4.3 b
A,PC_EMP,LU00	6.0 	5.0 b	5.1 	4.6 	5.3 	5.1 	4.2 	4.3 b
A,PC_EMP,LV	4.2 	4.3 	4.6 	4.1 	3.7 	3.6 	3.8 	4.2 b
A,PC_EMP,LV0	4.2 	4.3 	4.6 	4.1 	3.7 	3.6 	3.8 	4.2 b
A,PC_EMP,LV00	4.2 	4.3 	4.6 	4.1 	3.7 	3.6 	3.8 	4.2 b
A,PC_EMP,ME	4.1 	3.3 	3.3 	3.6 	4.0 	3.3 	3.5 	: 
A,PC_EMP,ME0	4.1 	3.3 	3.3 	3.6 	4.0 	3.3 	3.5 	: 
A,PC_EMP,ME00	4.1 	3.3 	3.3 	3.6 	4.0 	3.3 	3.5 	: 
A,PC_EMP,MK	3.2 	3.0 	3.2 	3.2 	3.1 	3.2 	3.3 	: 
A,PC_EMP,MK0	3.2 	3.0 	3.2 	3.2 	3.1 	3.2 	3.3 	: 
A,PC_EMP,MK00	3.2 	3.0 	3.2 	3.2 	3.1 	3.2 	3.3 	: 
A,PC_EMP,MT	4.5 	4.5 	4.3 	4.8 	5.2 	5.2 	4.9 	4.4 b
A,PC_EMP,MT0	4.5 	4.5 	4.3 	4.8 	5.2 	5.2 	4.9 	4.4 b
A,PC_EMP,MT00	4.5 	4.5 	4.3 	4.8 	5.2 	5.2 	4.9 	4.4 b
A,PC_EMP,NL	4.6 	4.6 	4.5 	4.5 	4.6 	4.8 	4.7 	5.1 b
A,PC_EMP,NL1	3.6 	3.6 	3.2 	3.1 	3.5 	3.3 	3.6 	3.4 b
A,PC_EMP,NL11	4.8 	4.5 	3.9 	3.4 	4.7 	4.1 	4.6 	4.2 b
A,PC_EMP,NL12	2.9 	3.0 	2.9 	3.3 	3.1 	3.2 	3.5 	2.9 b
A,PC_EMP,NL13	3.0 	3.1 	2.7 	2.6 	2.5 	2.4 	2.6 	3.1 b
A,PC_EMP,NL2	3.5 	3.7 	3.4 	3.6 	3.6 	3.9 	3.8 	4.5 b
A,PC_EMP,NL21	3.3 	3.2 	3.2 	3.2 	3.3 	3.8 	3.6 	3.5 b
A,PC_EMP,NL22	3.5 	4.0 	3.6 	3.8 	3.8 	3.8 	4.0 	5.3 b
A,PC_EMP,NL23	3.6 	3.5 	2.8 	3.5 	3.7 	4.4 	3.6 	3.8 b
A,PC_EMP,NL3	5.8 	5.7 	5.7 	5.7 	5.8 	5.9 	5.7 	6.2 b
A,PC_EMP,NL31	6.2 	5.6 	6.0 	5.7 	6.0 	6.0 	5.7 	5.6 b
A,PC_EMP,NL32	7.6 	7.5 	7.5 	7.4 	7.2 	7.9 	7.6 	8.5 b
A,PC_EMP,NL33	4.6 	4.6 	4.3 	4.5 	4.7 	4.6 	4.6 	4.9 b
A,PC_EMP,NL34	2.3 	2.5 	2.6 	3.3 	4.1 	3.1 	2.8 	4.4 b
A,PC_EMP,NL4	3.5 	3.4 	3.5 	3.6 	3.6 	3.8 	3.6 	3.8 b
A,PC_EMP,NL41	3.8 	3.8 	3.8 	3.9 	3.7 	4.0 	3.8 	3.9 b
A,PC_EMP,NL42	2.8 	2.5 	2.9 	3.0 	3.3 	3.4 	3.2 	3.4 b
A,PC_EMP,NO	4.0 	3.9 	3.9 	3.9 	3.8 	3.9 	3.9 	4.0 b
A,PC_EMP,NO0	4.0 	3.9 	3.9 	3.9 	3.8 	3.9 	3.9 	4.0 b
A,PC_EMP,NO01	7.7 	7.2 	: 	: 	: 	: 	: 	: 
A,PC_EMP,NO02	2.5 	1.7 	1.6 	: u	: u	3.4 u	3.2 u	3.4 bu
A,PC_EMP,NO03	2.9 	2.8 	: 	: 	: 	: 	: 	: 
A,PC_EMP,NO04	3.0 	2.6 	: 	: 	: 	: 	: 	: 
A,PC_EMP,NO05	2.3 	2.8 	: 	: 	: 	: 	: 	: 
A,PC_EMP,NO06	3.5 	3.8 	3.2 	2.8 u	2.3 u	2.7 u	3.6 u	3.7 bu
A,PC_EMP,NO07	2.6 	2.7 	2.9 	2.9 u	3.0 u	2.4 u	2.6 u	2.9 bu
A,PC_EMP,NO08	: 	: 	5.8 	5.5 	5.6 	5.7 	5.4 	5.3 b
A,PC_EMP,NO09	: 	: 	2.9 	3.3 	2.8 u	2.7 u	3.4 	4.0 b
A,PC_EMP,NO0A	: 	: 	2.9 	3.0 	2.9 	2.8 	2.9 	2.9 b
A,PC_EMP,PL	3.2 	3.3 	3.4 	3.5 	3.6 	3.3 	3.3 	3.3 b
A,PC_EMP,PL2	3.0 	3.4 	3.5 	3.5 	3.8 	3.2 	3.1 	3.6 b
A,PC_EMP,PL4	2.3 	2.5 	2.7 	2.7 	3.0 	2.9 	2.9 	2.8 b
A,PC_EMP,PL5	3.0 	3.0 	2.8 	3.3 	3.0 	2.8 	2.9 	3.4 b
A,PC_EMP,PL6	3.0 	3.1 	3.3 	3.2 	3.3 	3.0 	2.8 	2.6 b
A,PC_EMP,PL7	3.0 	3.0 	2.6 	2.9 	3.1 	2.9 	2.9 	2.5 b
A,PC_EMP,PL8	2.3 	2.1 	2.6 	2.7 	2.5 	2.5 	2.6 	2.5 b
A,PC_EMP,PL9	5.4 	5.3 	5.5 	5.7 	5.7 	5.5 	5.5 	4.9 b
A,PC_EMP,PT	3.2 	3.3 	3.2 	3.2 	3.4 	3.5 	3.6 	3.9 b
A,PC_EMP,PT1	3.2 	3.3 	3.2 	3.2 	3.4 	3.5 	3.7 	4.0 b
A,PC_EMP,PT11	2.8 	2.7 	2.7 	2.9 	3.2 	3.0 	3.1 	2.8 b
A,PC_EMP,PT15	: u	: u	: u	2.3 	2.3 	2.9 	3.2 	3.4 b
A,PC_EMP,PT16	2.4 	2.3 	2.2 	2.0 	2.5 	2.7 	3.1 	3.4 b
A,PC_EMP,PT17	4.9 	5.5 	5.3 	5.1 	5.1 	5.4 	5.5 	6.4 b
A,PC_EMP,PT18	2.1 	1.7 	1.5 	1.8 	1.6 	1.9 	1.6 	2.4 b
A,PC_EMP,PT2	: u	: u	: u	: u	: u	: u	: u	: bu
A,PC_EMP,PT20	: u	: u	: u	: u	: u	: u	: u	: bu
A,PC_EMP,PT3	: u	: u	: u	: u	: u	: u	: u	: bu
A,PC_EMP,PT30	: u	: u	: u	: u	: u	: u	: u	: bu
A,PC_EMP,RO	1.5 	1.5 	1.6 	1.6 	1.6 	1.6 	1.4 	1.4 b
A,PC_EMP,RO1	1.9 	2.1 	2.4 	2.3 	2.0 	1.6 	1.5 	1.6 b
A,PC_EMP,RO11	1.6 	1.7 	1.9 	1.7 	1.4 	1.0 	1.0 u	1.3 b
A,PC_EMP,RO12	2.2 	2.6 	3.0 	3.0 	2.9 	2.4 	2.1 	2.0 b
A,PC_EMP,RO2	0.9 	0.8 	0.8 	0.9 	0.8 	0.9 	0.8 	0.7 b
A,PC_EMP,RO21	0.8 	0.8 	0.7 u	0.8 	0.8 	1.0 	0.8 	0.8 bu
A,PC_EMP,RO22	0.9 u	0.9 u	0.9 u	1.0 u	0.9 u	0.7 u	0.7 u	: bu
A,PC_EMP,RO3	2.5 	1.9 	2.1 	2.3 	2.5 	2.6 	2.2 	2.1 b
A,PC_EMP,RO31	0.9 	0.9 u	1.0 	0.9 	0.8 u	0.9 	0.8 u	: bu
A,PC_EMP,RO32	4.4 	3.1 	3.4 	3.8 	4.5 	4.5 	3.8 	3.6 b
A,PC_EMP,RO4	0.7 u	1.1 	1.0 	1.0 	1.0 	1.0 	1.1 	1.2 b
A,PC_EMP,RO41	: u	0.8 u	: u	: u	: u	: u	: u	1.0 bu
A,PC_EMP,RO42	: u	1.5 u	1.3 u	1.3 u	1.4 u	1.5 u	1.5 u	1.4 bu
A,PC_EMP,RS	3.6 	3.2 b	3.1 	3.1 	3.0 	3.1 	3.3 	3.2 b
A,PC_EMP,RS1	4.6 	4.4 b	4.5 	4.5 	4.2 	4.4 	4.7 	4.5 b
A,PC_EMP,RS11	6.1 	5.9 b	6.1 	6.0 	5.7 	6.2 	6.5 	6.4 b
A,PC_EMP,RS12	3.3 	2.9 b	2.9 	3.1 	2.8 	2.7 	2.9 	2.8 b
A,PC_EMP,RS2	2.6 	2.1 b	1.7 	1.7 	1.7 	1.8 	1.9 	1.7 b
A,PC_EMP,RS21	2.6 	2.2 b	1.8 	1.7 	1.6 	1.8 	1.9 	1.6 b
A,PC_EMP,RS22	2.6 	1.8 b	1.6 	1.6 	1.9 	1.7 	1.8 	1.8 b
A,PC_EMP,SE	4.7 	4.7 	4.9 	4.8 	4.6 b	4.9 	4.8 	4.5 b
A,PC_EMP,SE1	6.0 	6.0 	6.3 	6.1 	5.8 b	6.1 	5.9 	5.7 b
A,PC_EMP,SE11	7.7 	7.6 	7.9 	7.7 	7.6 b	7.8 	7.3 	6.8 b
A,PC_EMP,SE12	3.4 	3.6 	3.9 	3.8 	2.9 b	3.6 	3.8 	3.9 b
A,PC_EMP,SE2	4.2 	4.2 	4.3 	4.2 	4.0 b	4.1 	4.3 	4.0 b
A,PC_EMP,SE21	3.2 	3.7 	3.5 	3.6 	3.4 b	3.3 	3.2 	3.1 b
A,PC_EMP,SE22	4.8 	4.7 	4.8 	4.9 	4.5 b	4.6 	4.8 	4.5 b
A,PC_EMP,SE23	4.2 	4.1 	4.2 	4.0 	3.9 b	4.0 	4.3 	3.9 b
A,PC_EMP,SE3	3.0 	3.0 	3.4 	3.3 	3.4 b	3.7 	3.0 	3.1 b
A,PC_EMP,SE31	3.2 	3.3 	3.6 	3.5 	3.2 b	3.5 	3.0 	3.5 b
A,PC_EMP,SE32	3.1 	2.8 	2.8 	2.8 	3.5 b	3.7 	3.5 u	2.3 bu
A,PC_EMP,SE33	2.6 	2.8 	3.4 	3.4 	3.4 b	4.1 	2.8 	2.9 b
A,PC_EMP,SI	4.7 	4.5 	4.6 	4.7 	4.7 	4.9 	5.2 	4.7 b
A,PC_EMP,SI0	4.7 	4.5 	4.6 	4.7 	4.7 	4.9 	5.2 	4.7 b
A,PC_EMP,SI03	3.6 	3.3 	3.6 	3.6 	3.4 	3.6 	4.0 	3.4 b
A,PC_EMP,SI04	5.8 	5.9 	5.6 	6.0 	6.2 	6.3 	6.6 	6.1 b
A,PC_EMP,SK	2.6 	2.5 	2.5 	2.9 	2.8 	2.9 	2.8 	2.9 b
A,PC_EMP,SK0	2.6 	2.5 	2.5 	2.9 	2.8 	2.9 	2.8 	2.9 b
A,PC_EMP,SK01	6.5 	6.7 	5.8 	7.3 	7.5 	7.3 	6.8 	5.8 b
A,PC_EMP,SK02	2.0 	1.9 	2.0 	2.0 	2.0 	2.3 	2.1 	2.2 b
A,PC_EMP,SK03	2.3 	2.2 	2.1 	2.6 	2.2 	2.4 	2.8 	3.1 b
A,PC_EMP,SK04	1.8 	1.5 	1.8 	2.0 	2.0 	1.8 	1.8 	2.2 b
A,PC_EMP,TR	2.4 	2.5 	2.4 	2.4 	2.4 	2.5 	2.5 	: 
A,PC_EMP,TR1	4.2 	4.6 	4.3 	3.9 	3.8 	4.2 	4.1 	: 
A,PC_EMP,TR10	4.2 	4.6 	4.3 	3.9 	3.8 	4.2 	4.1 	: 
A,PC_EMP,TR2	2.0 	1.8 	1.8 	2.3 	2.3 	2.2 	2.2 	: 
A,PC_EMP,TR21	2.6 	1.9 	2.1 	3.1 	3.0 	2.8 	2.6 	: 
A,PC_EMP,TR22	1.4 	1.6 	1.3 	1.3 	1.4 	1.6 	1.8 	: 
A,PC_EMP,TR3	2.1 	2.0 	1.7 	1.8 	1.9 	2.0 	2.2 	: 
A,PC_EMP,TR31	2.5 	2.3 	2.0 	2.1 	2.0 	2.3 	2.3 	: 
A,PC_EMP,TR32	2.3 	1.9 	1.4 	1.6 	2.1 	1.8 	2.3 	: 
A,PC_EMP,TR33	1.3 	1.6 	1.6 	1.4 	1.6 	1.6 	1.8 	: 
A,PC_EMP,TR4	2.3 	2.2 	2.6 	2.5 	2.4 	2.2 	2.4 	: 
A,PC_EMP,TR41	2.3 	2.3 	2.8 	2.7 	2.6 	2.2 	2.7 	: 
A,PC_EMP,TR42	2.3 	2.1 	2.3 	2.2 	2.2 	2.2 	2.1 	: 
A,PC_EMP,TR5	3.3 	3.1 	3.0 	3.3 	3.4 	3.5 	3.4 	: 
A,PC_EMP,TR51	3.5 	3.2 	3.0 	3.4 	3.6 	3.5 	3.7 	: 
A,PC_EMP,TR52	2.7 	3.0 	2.9 	3.0 	3.2 	3.4 	2.8 	: 
A,PC_EMP,TR6	1.8 	2.0 	2.0 	2.1 	2.3 	2.0 	2.2 	: 
A,PC_EMP,TR61	1.7 	2.0 	2.0 	1.9 	2.4 	2.1 	2.3 	: 
A,PC_EMP,TR62	2.0 	2.1 	2.1 	2.2 	1.9 	1.8 	1.7 	: 
A,PC_EMP,TR63	1.8 	1.6 	2.1 	2.0 	2.6 	2.2 	2.7 	: 
A,PC_EMP,TR7	1.6 	1.6 	1.5 	1.6 	1.8 	1.9 	1.9 	: 
A,PC_EMP,TR71	1.5 	1.4 	1.2 	1.5 	2.2 	2.2 	1.8 	: 
A,PC_EMP,TR72	1.8 	1.7 	1.6 	1.7 	1.6 	1.6 	2.0 	: 
A,PC_EMP,TR8	1.7 	1.7 	1.9 	1.7 	1.5 	1.6 	1.5 	: 
A,PC_EMP,TR81	1.4 	1.3 	2.0 	1.8 	1.0 	0.9 	1.2 	: 
A,PC_EMP,TR82	1.2 	1.4 	2.1 	2.4 	2.2 	2.2 	1.5 	: 
A,PC_EMP,TR83	2.0 	1.9 	1.8 	1.4 	1.5 	1.6 	1.6 	: 
A,PC_EMP,TR9	1.1 	1.3 	1.4 	1.0 	0.9 	1.0 	1.3 	: 
A,PC_EMP,TR90	1.1 	1.3 	1.4 	1.0 	0.9 	1.0 	1.3 	: 
A,PC_EMP,TRA	1.1 	1.0 	1.1 	1.4 	1.5 	1.3 	1.3 	: 
A,PC_EMP,TRA1	1.4 	1.4 	1.3 	2.2 	2.2 	1.9 	1.5 	: 
A,PC_EMP,TRA2	0.8 	0.8 	0.9 	0.7 u	0.9 	0.6 u	1.0 	: 
A,PC_EMP,TRB	1.1 	1.2 	1.2 	1.3 	1.2 	1.5 	1.3 	: 
A,PC_EMP,TRB1	1.3 	1.3 	1.6 	1.9 	1.5 	1.8 	1.4 	: 
A,PC_EMP,TRB2	1.0 	1.1 	0.7 	0.6 	0.8 	1.1 	1.1 	: 
A,PC_EMP,TRC	1.7 	1.4 	1.7 	1.8 	1.7 	1.5 	1.5 	: 
A,PC_EMP,TRC1	2.9 	2.0 	2.2 	3.0 	2.5 	2.4 	2.1 	: 
A,PC_EMP,TRC2	0.8 	1.1 	1.5 	1.5 	1.4 	1.0 	1.1 	: 
A,PC_EMP,TRC3	1.1 	0.9 	1.1 	0.4 u	0.8 	0.9 	1.2 	: 
A,PC_EMP,UK	4.5 	4.6 	4.6 	4.7 	4.5 	4.6 	: 	: 
A,PC_EMP,UKC	3.3 	2.6 	3.5 	3.9 	3.3 	3.2 	: 	: 
A,PC_EMP,UKC1	2.3 	2.5 	2.8 	3.7 	3.4 	3.0 	: 	: 
A,PC_EMP,UKC2	4.1 	2.7 	4.0 	4.1 	3.2 	3.4 	: 	: 
A,PC_EMP,UKD	3.3 	3.1 	3.5 	3.3 	3.6 	3.6 	: 	: 
A,PC_EMP,UKD1	2.7 u	1.7 u	3.2 u	3.3 u	3.7 u	2.6 u	: 	: 
A,PC_EMP,UKD3	3.5 	3.7 	3.9 	3.3 	4.0 	4.5 	: 	: 
A,PC_EMP,UKD4	3.0 	3.0 	3.1 	2.3 	3.2 	2.6 	: 	: 
A,PC_EMP,UKD6	3.2 	3.3 	4.3 	4.1 	3.8 	3.3 	: 	: 
A,PC_EMP,UKD7	3.6 	2.4 	2.7 	3.6 	3.1 	3.4 	: 	: 
A,PC_EMP,UKE	3.5 	3.5 	3.7 	3.9 	4.0 	3.9 	: 	: 
A,PC_EMP,UKE1	2.3 u	2.8 	3.2 	2.8 	3.2 	3.0 	: 	: 
A,PC_EMP,UKE2	3.5 	4.7 	3.9 	3.9 	5.6 	3.3 	: 	: 
A,PC_EMP,UKE3	3.1 	2.9 	3.6 	3.5 	3.7 	3.2 	: 	: 
A,PC_EMP,UKE4	4.3 	3.8 	3.9 	4.4 	4.0 	4.9 	: 	: 
A,PC_EMP,UKF	3.8 	3.6 	3.7 	4.3 	3.4 	3.4 	: 	: 
A,PC_EMP,UKF1	3.6 	3.3 	3.6 	4.1 	3.8 	3.7 	: 	: 
A,PC_EMP,UKF2	4.4 	4.0 	4.2 	4.6 	3.3 	3.0 	: 	: 
A,PC_EMP,UKF3	2.7 	3.6 	2.9 u	3.7 	2.7 u	3.6 	: 	: 
A,PC_EMP,UKG	3.1 	4.0 	3.3 	3.2 	2.9 	2.8 	: 	: 
A,PC_EMP,UKG1	3.4 	4.1 	3.1 	4.0 	2.6 	2.9 	: 	: 
A,PC_EMP,UKG2	3.1 	4.1 	3.3 	3.1 	2.6 	2.7 	: 	: 
A,PC_EMP,UKG3	2.9 	3.9 	3.4 	2.8 	3.2 	2.9 	: 	: 
A,PC_EMP,UKH	4.3 	4.4 	4.5 	4.3 	4.4 	4.6 	: 	: 
A,PC_EMP,UKH1	4.6 	3.9 	4.2 	3.8 	4.7 	4.3 	: 	: 
A,PC_EMP,UKH2	4.2 	5.0 	5.3 	4.7 	4.8 	5.1 	: 	: 
A,PC_EMP,UKH3	4.0 	4.5 	4.3 	4.4 	3.7 	4.4 	: 	: 
A,PC_EMP,UKI	8.9 	9.3 	8.5 	8.7 	8.7 	8.7 	: 	: 
A,PC_EMP,UKI3	12.5 	15.5 	11.4 	12.3 	10.8 	12.0 	: 	: 
A,PC_EMP,UKI4	11.7 	12.5 	11.5 	11.7 	11.7 	10.9 	: 	: 
A,PC_EMP,UKI5	5.4 	5.7 	6.3 	5.9 	6.0 	6.6 	: 	: 
A,PC_EMP,UKI6	6.6 	6.1 	6.1 	5.9 	5.3 	6.7 	: 	: 
A,PC_EMP,UKI7	7.7 	7.1 	6.7 	7.2 	8.2 	7.2 	: 	: 
A,PC_EMP,UKJ	4.8 	5.0 	4.9 	5.2 	4.8 	5.0 	: 	: 
A,PC_EMP,UKJ1	5.6 	5.8 	5.7 	5.3 	5.6 	4.7 	: 	: 
A,PC_EMP,UKJ2	5.3 	5.5 	4.8 	5.9 	5.8 	6.4 	: 	: 
A,PC_EMP,UKJ3	3.4 	3.4 	4.0 	4.4 	3.6 	3.9 	: 	: 
A,PC_EMP,UKJ4	4.7 	4.6 	4.6 	4.7 	3.4 	4.5 	: 	: 
A,PC_EMP,UKK	4.3 	4.1 	4.7 	4.5 	4.3 	4.1 	: 	: 
A,PC_EMP,UKK1	4.7 	4.4 	5.3 	5.1 	4.2 	4.0 	: 	: 
A,PC_EMP,UKK2	4.1 	3.6 	3.9 	3.7 	3.6 	4.0 	: 	: 
A,PC_EMP,UKK3	4.0 	5.7 	5.5 	5.0 	5.0 	5.2 	: 	: 
A,PC_EMP,UKK4	3.6 	3.6 	3.8 	3.9 	4.9 	3.7 	: 	: 
A,PC_EMP,UKL	3.0 	3.5 	3.7 	3.2 	3.3 	3.6 	: 	: 
A,PC_EMP,UKL1	3.0 	3.3 	3.3 	3.0 	2.5 	3.0 	: 	: 
A,PC_EMP,UKL2	3.2 	3.8 	4.3 	3.6 	4.6 	4.7 	: 	: 
A,PC_EMP,UKM	3.2 	3.4 	3.8 	3.4 	3.4 	4.1 	: 	: 
A,PC_EMP,UKM5	1.9 u	: u	: u	: u	: u	2.0 u	: 	: 
A,PC_EMP,UKM6	2.1 u	3.3 u	4.2 u	3.2 u	3.0 u	2.8 u	: 	: 
A,PC_EMP,UKM7	3.5 	4.3 	4.7 	3.8 	3.8 	4.5 	: 	: 
A,PC_EMP,UKM8	3.7 	3.5 	4.1 	4.2 	3.8 	5.0 	: 	: 
A,PC_EMP,UKM9	3.3 	2.7 	2.7 	2.5 	2.9 	3.5 	: 	: 
A,PC_EMP,UKN	3.3 	3.5 	2.8 	2.9 	3.2 	2.9 	: 	: 
A,PC_EMP,UKN0	3.3 	3.5 	2.8 	2.9 	3.2 	2.9 	: 	: 
A,THS_PER,AT	163.8 	164.3 	171.0 	174.8 	180.3 	181.3 	162.5 	169.8 b
A,THS_PER,AT1	88.8 	86.9 	94.7 	97.9 	101.6 	99.5 	90.6 	95.2 b
A,THS_PER,AT11	3.5 u	3.1 u	3.6 u	: u	3.9 u	3.7 u	3.2 u	: bu
A,THS_PER,AT12	26.2 	20.5 	23.9 	29.5 	28.6 	28.8 	24.4 	23.9 b
A,THS_PER,AT13	59.1 	63.3 	67.2 	65.4 	69.0 	66.9 	63.0 	68.4 b
A,THS_PER,AT2	22.1 	23.9 	26.2 	23.5 	25.3 	26.0 	23.8 	26.0 b
A,THS_PER,AT21	6.8 	7.1 	8.2 	7.0 	7.5 	7.4 	7.1 	6.7 b
A,THS_PER,AT22	15.3 	16.8 	18.0 	16.5 	17.9 	18.6 	16.7 	19.3 b
A,THS_PER,AT3	52.8 	53.5 	50.2 	53.4 	53.4 	55.8 	48.0 	48.6 b
A,THS_PER,AT31	17.5 	20.9 	20.1 	21.6 	21.1 	21.4 	16.7 	17.6 b
A,THS_PER,AT32	12.1 	11.7 	10.5 	9.9 	10.2 	11.6 	11.7 	12.8 b
A,THS_PER,AT33	15.4 	13.4 	12.1 	14.6 	15.5 	16.3 	12.8 	11.5 b
A,THS_PER,AT34	7.9 	7.5 	7.5 	7.3 	6.6 	6.4 	6.9 	6.8 b
A,THS_PER,BE	184.8 	181.2 	179.2 	198.0 b	204.6 b	204.6 	214.0 	210.3 b
A,THS_PER,BE1	33.2 	32.4 	34.4 	35.7 b	37.4 b	34.7 	39.8 	42.1 b
A,THS_PER,BE10	33.2 	32.4 	34.4 	35.7 b	37.4 b	34.7 	39.8 	42.1 b
A,THS_PER,BE2	103.6 	102.3 	95.9 	106.7 b	110.1 b	114.8 	117.1 	110.8 b
A,THS_PER,BE21	30.1 	32.1 	26.8 	32.7 b	33.1 b	38.3 	43.3 	38.9 b
A,THS_PER,BE22	9.8 	10.1 	9.9 	9.2 b	7.1 b	10.6 	10.6 	10.0 b
A,THS_PER,BE23	27.0 	25.8 	27.6 	30.1 b	33.6 b	30.2 	27.5 	30.4 b
A,THS_PER,BE24	21.2 	18.4 	19.0 	18.3 b	20.6 b	19.7 	20.3 	17.5 b
A,THS_PER,BE25	15.7 	15.9 	12.6 	16.4 b	15.7 b	16.0 	15.5 	13.9 b
A,THS_PER,BE3	48.0 	46.6 	48.9 	55.7 b	57.0 b	55.1 	57.1 	57.4 b
A,THS_PER,BE31	8.4 	9.1 	8.1 	13.1 b	11.9 b	10.2 	9.2 	10.3 b
A,THS_PER,BE32	13.7 	11.7 	14.3 	16.9 b	15.8 b	15.4 	14.2 	16.1 b
A,THS_PER,BE33	16.0 	15.7 	17.8 	15.6 b	16.5 b	17.6 	21.2 	19.4 b
A,THS_PER,BE34	4.2 u	3.4 u	3.9 u	4.3 bu	4.5 bu	3.6 u	4.1 u	3.8 bu
A,THS_PER,BE35	5.7 	6.7 	4.9 u	5.8 b	8.3 b	8.4 	8.4 	7.8 b
A,THS_PER,BG	82.3 	87.1 	87.4 	87.3 	86.0 	88.5 b	92.1 	91.3 b
A,THS_PER,BG3	25.3 	31.7 	31.5 	28.7 	29.0 	30.8 b	29.2 	27.5 b
A,THS_PER,BG31	4.7 u	4.4 u	4.6 u	4.0 u	4.7 u	4.6 bu	4.5 u	4.8 bu
A,THS_PER,BG32	6.1 u	6.1 u	7.4 	8.2 	7.9 	7.7 b	6.4 u	6.7 b
A,THS_PER,BG33	7.2 u	9.9 	8.6 	7.7 	6.7 	8.7 b	9.9 	8.6 b
A,THS_PER,BG34	7.3 u	11.3 	10.9 	8.8 	9.6 	9.9 b	8.3 	7.5 b
A,THS_PER,BG4	57.0 	55.4 	55.9 	58.6 	57.1 	57.7 b	62.9 	63.8 b
A,THS_PER,BG41	43.8 	43.7 	45.4 	47.0 	44.4 	44.5 b	51.8 	50.1 b
A,THS_PER,BG42	13.2 	11.6 	10.5 	11.5 	12.7 	13.1 b	11.1 	13.6 b
A,THS_PER,CH	236.9 	248.0 	246.5 	244.6 	248.5 	253.0 	241.4 	228.5 b
A,THS_PER,CH0	236.9 	248.0 	246.5 	244.6 	248.5 	253.0 	241.4 	228.5 b
A,THS_PER,CH01	50.4 	49.1 	44.0 	46.2 	49.3 	49.0 	46.4 	44.3 b
A,THS_PER,CH02	47.1 	47.8 	48.4 	47.5 	46.2 	45.7 	41.9 	41.7 b
A,THS_PER,CH03	30.6 	36.6 	35.7 	32.9 	33.0 	32.7 	34.7 	33.0 b
A,THS_PER,CH04	54.8 	55.1 	57.9 	59.4 	62.6 	61.8 	61.9 	55.8 b
A,THS_PER,CH05	26.0 	27.4 	28.3 	27.6 	27.2 	28.3 	25.4 	25.2 b
A,THS_PER,CH06	18.3 	21.5 	22.4 	21.0 	19.4 	24.7 	21.0 	19.4 b
A,THS_PER,CH07	9.6 	10.4 	9.7 	10.0 	10.9 	10.8 	10.0 	9.3 b
A,THS_PER,CY	11.6 	12.1 b	12.6 	13.4 	13.8 	14.0 	13.2 	14.9 b
A,THS_PER,CY0	11.6 	12.1 b	12.6 	13.4 	13.8 	14.0 	13.2 	14.9 b
A,THS_PER,CY00	11.6 	12.1 b	12.6 	13.4 	13.8 	14.0 	13.2 	14.9 b
A,THS_PER,CZ	191.3 	187.0 	209.8 	204.1 	197.5 	192.7 	203.0 	209.9 b
A,THS_PER,CZ0	191.3 	187.0 	209.8 	204.1 	197.5 	192.7 	203.0 	209.9 b
A,THS_PER,CZ01	63.9 	54.4 	66.3 	60.4 	62.8 	61.5 	61.9 	66.2 b
A,THS_PER,CZ02	24.2 	25.6 	26.7 	27.4 	25.2 	25.7 	29.0 	30.5 b
A,THS_PER,CZ03	15.9 	17.6 	16.4 	14.1 	15.4 	17.9 	19.7 	19.4 b
A,THS_PER,CZ04	14.3 	13.3 	18.8 	16.9 	11.7 	11.3 	14.0 	15.9 b
A,THS_PER,CZ05	19.3 	22.1 	20.2 	25.2 	23.2 	21.0 	22.2 	20.3 b
A,THS_PER,CZ06	25.7 	25.8 	27.9 	29.5 	26.7 	26.7 	26.5 	23.9 b
A,THS_PER,CZ07	14.4 	12.8 	16.0 	15.4 	16.6 	12.0 	16.1 	15.4 b
A,THS_PER,CZ08	13.5 	15.4 	17.5 	15.2 	15.9 	16.7 	13.6 	18.2 b
A,THS_PER,DE	1641.6 	1643.3 	1655.4 	1661.8 	1660.6 	1681.6 	1571.9 bp	1578.5 bp
A,THS_PER,DE1	232.1 	228.3 	226.6 	223.4 	222.0 	229.7 	225.2 bp	204.6 bp
A,THS_PER,DE11	95.9 	94.7 	97.7 	90.8 	91.8 	95.5 	91.6 bp	77.9 bp
A,THS_PER,DE12	59.1 	55.5 	53.9 	59.0 	54.9 	54.3 	59.2 bp	51.3 bp
A,THS_PER,DE13	42.7 	43.4 	45.4 	43.1 	42.6 	46.4 	37.4 bu	42.4 bp
A,THS_PER,DE14	34.4 	34.6 	29.6 	30.5 	32.7 	33.3 	37.0 bu	33.0 bu
A,THS_PER,DE2	280.3 	278.8 	285.4 	279.3 	282.9 	278.4 	246.1 bp	272.4 bp
A,THS_PER,DE21	143.3 	143.1 	145.1 	143.0 	145.7 	136.9 	114.3 bp	133.7 bp
A,THS_PER,DE22	14.1 	13.5 	14.7 	14.3 	15.2 	17.3 	: bu	: bu
A,THS_PER,DE23	13.9 	15.8 	15.6 	18.1 	15.1 	17.8 	: bu	: bu
A,THS_PER,DE24	15.9 	16.4 	18.7 	14.7 	15.0 	15.8 	: bu	: bu
A,THS_PER,DE25	33.8 	34.2 	34.3 	31.2 	33.5 	35.1 	: bu	27.5 bu
A,THS_PER,DE26	23.3 	21.4 	21.8 	22.0 	19.5 	19.2 	: bu	: bu
A,THS_PER,DE27	36.1 	34.4 	35.2 	36.1 	38.8 	36.4 	41.8 bp	33.9 bu
A,THS_PER,DE3	173.0 	176.5 	176.0 	182.9 	192.3 	201.2 	180.6 bp	176.0 bp
A,THS_PER,DE30	173.0 	176.5 	176.0 	182.9 	192.3 	201.2 	180.6 bp	176.0 bp
A,THS_PER,DE4	32.6 	36.2 	36.7 	37.6 	40.1 	36.7 	36.2 bu	30.7 bu
A,THS_PER,DE40	32.6 	36.2 	36.7 	37.6 	40.1 	36.7 	36.2 bu	30.7 bu
A,THS_PER,DE5	15.1 	11.2 	13.0 	13.9 	14.6 	13.7 	: bu	: bu
A,THS_PER,DE50	15.1 	11.2 	13.0 	13.9 	14.6 	13.7 	: bu	: bu
A,THS_PER,DE6	73.2 	75.2 	74.3 	78.5 	76.3 	76.1 	72.5 bp	80.0 bp
A,THS_PER,DE60	73.2 	75.2 	74.3 	78.5 	76.3 	76.1 	72.5 bp	80.0 bp
A,THS_PER,DE7	122.8 	116.2 	122.9 	129.4 	124.7 	122.7 	109.6 bp	117.0 bp
A,THS_PER,DE71	88.9 	85.4 	85.1 	91.0 	91.4 	90.0 	81.3 bp	84.6 bp
A,THS_PER,DE72	17.7 	15.8 	15.7 	15.4 	12.3 	14.4 	: bu	: bu
A,THS_PER,DE73	16.2 	15.1 	22.1 	23.1 	21.0 	18.3 	: bu	: bu
A,THS_PER,DE8	20.9 	24.5 	21.5 	20.0 	20.2 	20.2 	: bu	: bu
A,THS_PER,DE80	20.9 	24.5 	21.5 	20.0 	20.2 	20.2 	: bu	: bu
A,THS_PER,DE9	122.7 	120.5 	118.5 	116.5 	110.4 	112.4 	109.1 bp	117.9 bp
A,THS_PER,DE91	24.5 	23.9 	24.2 	24.0 	21.9 	23.6 	: bu	: bu
A,THS_PER,DE92	39.7 	41.5 	39.4 	34.8 	35.8 	34.8 	32.2 bu	37.0 bu
A,THS_PER,DE93	25.2 	20.8 	24.0 	25.5 	23.1 	21.7 	25.4 bu	26.5 bu
A,THS_PER,DE94	33.2 	34.3 	30.9 	32.2 	29.5 	32.3 	29.9 bu	32.5 bu
A,THS_PER,DEA	311.3 	323.0 	314.6 	318.7 	311.3 	321.0 	306.8 bp	307.2 bp
A,THS_PER,DEA1	86.4 	88.1 	88.3 	89.1 	84.3 	88.6 	85.0 bp	88.1 bp
A,THS_PER,DEA2	99.8 	103.0 	105.0 	107.2 	103.4 	106.0 	104.7 bp	99.1 bp
A,THS_PER,DEA3	39.3 	42.1 	36.3 	34.2 	37.6 	41.7 	37.5 bu	37.5 bu
A,THS_PER,DEA4	38.4 	38.4 	36.1 	39.2 	39.0 	37.5 	32.4 bu	33.8 bu
A,THS_PER,DEA5	47.3 	51.5 	48.9 	49.1 	47.0 	47.3 	47.1 bp	48.8 bp
A,THS_PER,DEB	60.9 	57.7 	69.5 	67.8 	67.4 	70.1 	65.8 bp	68.6 bp
A,THS_PER,DEB1	19.7 	18.2 	22.6 	22.8 	21.7 	23.3 	: bu	: bu
A,THS_PER,DEB2	8.7 	7.0 	8.2 	8.5 	8.3 	9.5 	: bu	: bu
A,THS_PER,DEB3	32.5 	32.5 	38.7 	36.5 	37.4 	37.3 	38.9 bu	38.3 bu
A,THS_PER,DEC	12.8 	13.3 	15.6 	13.6 	15.6 	14.4 	: bu	: bu
A,THS_PER,DEC0	12.8 	13.3 	15.6 	13.6 	15.6 	14.4 	: bu	: bu
A,THS_PER,DED	73.9 	74.1 	74.9 	75.0 	78.3 	77.6 	69.2 bp	65.1 bp
A,THS_PER,DED2	29.2 	27.9 	32.3 	31.6 	31.2 	28.5 	26.7 bu	25.9 bu
A,THS_PER,DED4	20.7 	19.6 	16.5 	18.1 	18.8 	20.7 	: bu	: bu
A,THS_PER,DED5	24.0 	26.6 	26.1 	25.3 	28.3 	28.5 	: bu	: bu
A,THS_PER,DEE	27.0 	25.6 	24.1 	24.1 	24.8 	23.8 	: bu	: bu
A,THS_PER,DEE0	27.0 	25.6 	24.1 	24.1 	24.8 	23.8 	: bu	: bu
A,THS_PER,DEF	50.9 	50.9 	52.4 	50.2 	48.4 	49.8 	46.1 bp	43.6 bp
A,THS_PER,DEF0	50.9 	50.9 	52.4 	50.2 	48.4 	49.8 	46.1 bp	43.6 bp
A,THS_PER,DEG	32.2 	31.1 	29.5 	30.9 	31.2 	34.0 	33.3 bu	28.2 bu
A,THS_PER,DEG0	32.2 	31.1 	29.5 	30.9 	31.2 	34.0 	33.3 bu	28.2 bu
A,THS_PER,DK	128.5 	130.7 	128.7 b	128.8 b	124.1 	130.4 	129.8 	132.3 b
A,THS_PER,DK0	128.5 	130.7 	128.7 b	128.8 b	124.1 	130.4 	129.8 	132.3 b
A,THS_PER,DK01	63.8 	64.3 	61.7 b	58.4 b	58.7 	67.2 	66.6 	67.1 b
A,THS_PER,DK02	11.5 	10.7 	10.7 b	12.6 b	12.1 	12.1 	11.0 	11.3 b
A,THS_PER,DK03	17.4 	17.9 	18.0 b	18.1 b	18.3 	17.5 	17.4 	19.7 b
A,THS_PER,DK04	26.4 	29.2 	28.5 b	30.6 b	26.2 	25.0 	26.6 	25.2 b
A,THS_PER,DK05	9.4 	8.6 	9.8 b	9.0 b	8.7 	8.6 	8.2 	8.9 b
A,THS_PER,EE	28.8 	32.8 	33.4 	34.9 	35.7 	33.5 	33.3 	32.2 b
A,THS_PER,EE0	28.8 	32.8 	33.4 	34.9 	35.7 	33.5 	33.3 	32.2 b
A,THS_PER,EE00	28.8 	32.8 	33.4 	34.9 	35.7 	33.5 	33.3 	32.2 b
A,THS_PER,EL	118.6 	111.6 	125.9 	127.2 	130.7 	131.2 	125.2 	144.4 b
A,THS_PER,EL3	65.5 	59.7 	69.4 	69.9 	67.9 	71.3 	67.3 	84.9 b
A,THS_PER,EL30	65.5 	59.7 	69.4 	69.9 	67.9 	71.3 	67.3 	84.9 b
A,THS_PER,EL4	11.0 	9.9 	11.4 	9.8 	11.5 	10.7 	10.5 	10.5 b
A,THS_PER,EL41	1.9 u	1.4 u	1.8 u	1.9 u	1.4 u	1.8 u	2.1 u	1.8 bu
A,THS_PER,EL42	3.8 	2.2 u	2.3 u	2.4 u	2.9 u	2.5 u	3.0 u	3.6 b
A,THS_PER,EL43	5.3 	6.2 	7.3 	5.5 	7.3 	6.5 	5.4 	5.1 b
A,THS_PER,EL5	23.4 	23.5 	26.5 	28.7 	30.5 	31.0 	29.1 	28.1 b
A,THS_PER,EL51	3.4 u	3.0 u	3.3 u	3.6 	3.9 	3.8 	3.4 u	4.9 b
A,THS_PER,EL52	15.7 	16.6 	19.0 	20.4 	22.8 	22.2 	21.1 	20.1 b
A,THS_PER,EL53	1.9 u	1.4 u	1.7 u	1.6 u	: u	1.6 u	1.5 u	1.4 bu
A,THS_PER,EL54	2.3 u	2.5 u	2.4 u	3.1 u	2.8 u	3.5 	3.2 u	1.7 bu
A,THS_PER,EL6	18.8 	18.5 	18.7 	18.7 	20.7 	18.1 	18.3 	20.9 b
A,THS_PER,EL61	5.5 	5.2 	5.7 	6.6 	6.7 	5.5 	5.4 	6.4 b
A,THS_PER,EL62	2.4 u	1.5 u	1.7 u	1.4 u	: u	1.5 u	1.4 u	: bu
A,THS_PER,EL63	3.8 	4.0 	4.7 	4.3 	4.9 	3.1 u	3.6 	4.4 b
A,THS_PER,EL64	3.5 u	4.1 	3.1 u	2.9 u	3.0 u	2.3 u	2.9 u	3.4 bu
A,THS_PER,EL65	3.6 	3.7 	3.6 	3.5 	4.9 	5.6 	4.9 	5.5 b
A,THS_PER,ES	599.0 	627.4 	658.7 	693.3 	701.1 	726.4 	678.2 	728.9 bd
A,THS_PER,ES1	50.4 	50.4 	52.5 	55.7 	55.6 	52.6 	51.1 	49.4 bd
A,THS_PER,ES2	56.8 	62.9 	67.3 	60.7 	60.1 	63.7 	61.3 	73.9 bd
A,THS_PER,ES3	139.3 	152.8 	153.9 	156.9 	158.0 	162.7 	153.0 	159.0 bd
A,THS_PER,ES4	48.1 	48.2 	54.4 	52.0 	55.2 	53.2 	49.6 	50.8 bd
A,THS_PER,ES5	199.1 	201.4 	211.6 	236.0 	233.7 	245.0 	243.2 	269.5 bd
A,THS_PER,ES6	88.2 	89.0 	97.9 	108.0 	114.1 	117.3 	98.9 	101.4 bd
A,THS_PER,ES7	17.0 	22.8 	21.0 	24.0 	24.4 	31.9 	21.2 	25.0 bd
A,THS_PER,EU27_2020	6847.8 	6889.7 	7023.6 	7204.2 	7292.1 	7381.7 	7160.8 	7367.4 b
A,THS_PER,FI	118.5 	123.3 	116.8 	115.5 	125.7 	131.5 	127.9 	119.2 b
A,THS_PER,FI1	118.0 	122.7 	116.3 	114.8 	125.2 	131.2 	127.3 	118.4 b
A,THS_PER,FI19	24.0 	24.9 	24.9 	25.0 	26.3 	26.7 	27.6 	26.3 b
A,THS_PER,FI1B	60.4 	59.9 	54.5 	51.3 	57.8 	62.4 	59.4 	56.7 b
A,THS_PER,FI1C	18.3 	21.8 	19.1 	19.4 	21.1 	23.5 	21.6 	17.6 b
A,THS_PER,FI1D	15.3 	16.2 	17.7 	19.2 	20.0 	18.5 	18.7 	17.9 b
A,THS_PER,FI2	: u	: u	: u	: u	: u	: u	: u	: bu
A,THS_PER,FI20	: u	: u	: u	: u	: u	: u	: u	: bu
A,THS_PER,FR	884.8 	851.6 	890.7 	935.8 	948.9 	960.5 	973.2 	1087.7 bd
A,THS_PER,FR1	319.1 	298.2 	308.7 	342.9 	374.0 	356.3 	367.2 	391.3 bd
A,THS_PER,FR10	319.1 	298.2 	308.7 	342.9 	374.0 	356.3 	367.2 	391.3 bd
A,THS_PER,FRB	26.1 	29.4 	27.2 	18.6 	23.0 	24.8 	29.7 	24.3 bd
A,THS_PER,FRB0	26.1 	29.4 	27.2 	18.6 	23.0 	24.8 	29.7 	24.3 bd
A,THS_PER,FRC	27.5 	24.8 	24.0 	28.3 	26.5 	32.2 	33.5 	29.6 bd
A,THS_PER,FRC1	17.1 	16.6 	12.9 	16.6 	13.0 	17.2 	18.6 	16.8 bd
A,THS_PER,FRC2	10.4 	8.1 u	11.0 	11.7 	13.5 	14.9 	14.9 	12.8 bd
A,THS_PER,FRD	27.9 	24.8 	24.2 	29.1 	29.7 	30.5 	32.3 	36.8 bd
A,THS_PER,FRD1	15.3 	15.4 	12.1 	13.6 	13.3 	17.0 	14.2 	17.3 bd
A,THS_PER,FRD2	12.7 	9.4 u	12.1 	15.6 	16.4 	13.5 	18.1 	19.6 bd
A,THS_PER,FRE	41.6 	52.2 	46.7 	45.7 	41.4 	49.3 	42.2 	51.7 bd
A,THS_PER,FRE1	31.0 	35.6 	32.1 	29.4 	25.1 	30.5 	28.5 	27.9 bd
A,THS_PER,FRE2	10.6 	16.6 	14.7 	16.3 	16.3 	18.8 	13.7 	23.9 bd
A,THS_PER,FRF	69.9 	54.4 	60.3 	50.7 	53.4 	62.1 	45.9 	56.1 bd
A,THS_PER,FRF1	31.3 	22.6 	24.4 	25.2 	25.2 	23.0 	18.0 	28.6 bd
A,THS_PER,FRF2	11.4 	9.9 u	10.4 	9.2 u	8.9 u	9.3 u	10.4 	10.1 bd
A,THS_PER,FRF3	27.2 	21.9 	25.6 	16.3 	19.3 	29.7 	17.4 	17.4 bd
A,THS_PER,FRG	35.5 	37.0 	45.6 	54.1 	44.6 	41.2 	40.0 	50.7 bd
A,THS_PER,FRG0	35.5 	37.0 	45.6 	54.1 	44.6 	41.2 	40.0 	50.7 bd
A,THS_PER,FRH	42.4 	27.1 	29.7 	35.9 	39.1 	40.3 	43.8 	37.5 bd
A,THS_PER,FRH0	42.4 	27.1 	29.7 	35.9 	39.1 	40.3 	43.8 	37.5 bd
A,THS_PER,FRI	62.3 	64.7 	66.7 	66.3 	66.8 	78.5 	87.4 	97.3 bd
A,THS_PER,FRI1	36.2 	35.5 	40.1 	45.2 	45.5 	51.7 	56.9 	63.7 bd
A,THS_PER,FRI2	8.3 u	8.7 u	5.1 u	7.0 u	7.7 u	6.8 u	7.0 u	10.5 bd
A,THS_PER,FRI3	17.9 	20.5 	21.4 	14.1 	13.6 	20.0 	23.5 	23.1 bd
A,THS_PER,FRJ	59.0 	63.2 	65.5 	71.3 	72.9 	71.4 	72.9 	82.9 bd
A,THS_PER,FRJ1	27.7 	25.1 	27.1 	32.5 	27.4 	32.0 	39.3 	44.8 bd
A,THS_PER,FRJ2	31.4 	38.1 	38.3 	38.8 	45.5 	39.4 	33.6 	38.1 bd
A,THS_PER,FRK	103.1 	99.0 	109.6 	102.8 	102.6 	98.0 	94.5 	131.0 bd
A,THS_PER,FRK1	12.5 	17.7 	26.8 	14.9 	11.6 	15.4 	17.0 	14.7 bd
A,THS_PER,FRK2	90.5 	81.2 	82.8 	87.9 	91.0 	82.6 	77.6 	116.2 bd
A,THS_PER,FRL	53.5 	59.4 	66.9 	72.7 	57.8 	61.4 	68.6 	77.9 bd
A,THS_PER,FRL0	53.5 	59.4 	66.9 	72.7 	57.8 	61.4 	68.6 	77.9 bd
A,THS_PER,FRM	2.9 u	3.6 u	1.6 u	2.4 u	: u	: u	: u	5.7 bu
A,THS_PER,FRY	13.9 	13.8 	14.0 	14.9 	14.0 	13.1 	13.2 	14.9 bd
A,THS_PER,HR	59.2 	53.7 	48.7 	57.5 	54.2 	60.4 	64.2 	55.9 b
A,THS_PER,HR0	59.2 	53.7 	48.7 	57.5 	54.2 	60.4 	64.2 	55.9 b
A,THS_PER,HR02	: 	: 	5.5 u	4.6 u	6.5 u	8.3 u	11.4 	8.7 bu
A,THS_PER,HR03	14.0 	14.3 	14.2 	18.7 	14.3 	17.2 	20.3 	17.5 b
A,THS_PER,HR04	45.3 	39.4 	: 	: 	: 	: 	: 	: 
A,THS_PER,HR05	: 	: 	21.5 	25.0 	24.2 	26.3 	23.1 	20.4 b
A,THS_PER,HR06	: 	: 	7.4 u	9.2 u	9.1 u	8.7 u	9.5 u	9.3 bu
A,THS_PER,HU	149.9 	155.5 	157.0 	147.1 	150.0 	164.0 	174.7 	166.4 b
A,THS_PER,HU1	77.9 	85.7 	87.1 	79.4 	86.6 	95.0 	98.1 	91.8 b
A,THS_PER,HU11	54.9 	68.4 	67.4 	61.4 	65.4 	69.6 	73.2 	67.9 b
A,THS_PER,HU12	22.9 	17.3 	19.8 	18.1 	21.2 	25.4 	24.9 	23.9 b
A,THS_PER,HU2	34.6 	32.1 	31.1 	29.4 	29.3 	32.0 	34.6 	35.0 b
A,THS_PER,HU21	12.2 	10.5 	10.4 	10.4 	12.3 	11.4 	13.0 	12.8 b
A,THS_PER,HU22	11.2 	9.1 	11.2 	11.7 	9.6 	11.1 	13.9 	14.3 b
A,THS_PER,HU23	11.3 	12.5 	9.6 	7.2 	7.4 	9.6 	7.6 	7.9 b
A,THS_PER,HU3	37.5 	37.7 	38.8 	38.3 	34.1 	37.0 	42.0 	39.6 b
A,THS_PER,HU31	10.5 	10.2 	10.2 	12.1 	8.8 	8.5 	11.2 	11.7 b
A,THS_PER,HU32	14.0 	12.1 	13.2 	12.6 	12.8 	13.7 	15.0 	13.1 b
A,THS_PER,HU33	13.0 	15.4 	15.4 	13.6 	12.4 	14.8 	15.8 	14.8 b
A,THS_PER,IE	78.9 	77.9 	82.5 	79.2 b	79.4 	77.0 	74.9 	74.2 b
A,THS_PER,IE0	78.9 	77.9 	82.5 	79.2 b	79.4 	77.0 	74.9 	74.2 b
A,THS_PER,IE04	8.7 	9.6 	9.7 	9.2 b	10.1 	9.8 	9.7 	9.5 b
A,THS_PER,IE05	19.4 	20.6 	20.2 	20.3 b	18.2 	17.4 	18.0 	19.3 b
A,THS_PER,IE06	50.8 	47.6 	52.6 	49.7 b	51.2 	49.8 	47.2 	45.4 b
A,THS_PER,IS	10.8 	11.6 	12.4 	11.4 	11.2 	11.3 	11.2 b	11.5 b
A,THS_PER,IS0	10.8 	11.6 	12.4 	11.4 	11.2 	11.3 	11.2 b	11.5 b
A,THS_PER,IS00	10.8 	11.6 	12.4 	11.4 	11.2 	11.3 	11.2 b	11.5 b
A,THS_PER,IT	801.9 	819.3 	804.9 	825.5 b	830.7 	834.5 	791.1 	771.3 b
A,THS_PER,ITC	274.5 	281.7 	270.7 	276.4 b	287.1 	291.4 	259.3 	253.7 b
A,THS_PER,ITC1	61.6 	66.0 	59.9 	72.8 b	77.5 	73.9 	58.1 	61.7 b
A,THS_PER,ITC2	2.2 u	1.8 u	1.7 u	1.9 bu	1.8 u	1.9 u	1.7 u	1.5 bu
A,THS_PER,ITC3	15.2 	16.8 	20.4 	19.4 b	17.2 	20.6 	18.2 	15.8 b
A,THS_PER,ITC4	195.5 	197.1 	188.6 	182.3 b	190.6 	194.9 	181.3 	174.7 b
A,THS_PER,ITF	94.7 	95.8 	99.5 	105.2 b	110.2 	102.2 	95.8 	90.4 b
A,THS_PER,ITF1	12.1 	12.1 	10.2 	12.8 b	14.6 	14.4 	13.9 	12.1 b
A,THS_PER,ITF2	1.5 u	2.7 	2.6 	2.7 b	3.7 	3.0 	2.2 u	2.2 bu
A,THS_PER,ITF3	37.1 	36.6 	43.8 	45.6 b	44.6 	38.8 	39.8 	41.3 b
A,THS_PER,ITF4	27.4 	26.0 	26.5 	27.4 b	28.6 	28.6 	26.9 	21.3 b
A,THS_PER,ITF5	4.5 	5.3 	4.7 	4.3 b	4.7 	4.6 	6.0 	5.4 b
A,THS_PER,ITF6	12.0 	13.3 	11.6 	12.5 b	14.1 	12.7 	7.0 	8.1 b
A,THS_PER,ITG	45.9 	47.1 	43.4 	47.1 b	45.3 	44.0 	45.5 	46.1 b
A,THS_PER,ITG1	31.7 	31.9 	29.1 	33.0 b	32.2 	30.8 	34.5 	33.1 b
A,THS_PER,ITG2	14.2 	15.2 	14.3 	14.1 b	13.1 	13.2 	11.0 	13.0 b
A,THS_PER,ITH	181.3 	187.4 	189.0 	175.3 b	179.2 	186.2 	171.9 	176.0 b
A,THS_PER,ITH1	9.8 	9.5 	8.7 	7.3 b	7.6 	7.1 	7.6 	7.9 b
A,THS_PER,ITH2	8.7 	8.4 	9.0 	10.4 b	10.1 	11.1 	11.4 	10.1 b
A,THS_PER,ITH3	68.3 	71.8 	78.2 	74.8 b	73.7 	81.9 	74.7 	80.8 b
A,THS_PER,ITH4	17.4 	15.5 	15.0 	14.4 b	15.7 	16.8 	14.1 	17.0 b
A,THS_PER,ITH5	77.1 	82.2 	78.1 	68.4 b	72.1 	69.2 	64.0 	60.3 b
A,THS_PER,ITI	205.5 	207.2 	202.4 	221.4 b	208.9 	210.8 	218.7 	205.1 b
A,THS_PER,ITI1	62.8 	63.2 	64.0 	71.9 b	63.7 	64.3 	67.4 	64.9 b
A,THS_PER,ITI2	11.5 	11.6 	12.4 	15.3 b	13.4 	11.0 	12.0 	12.5 b
A,THS_PER,ITI3	17.5 	21.9 	22.2 	23.6 b	20.5 	22.9 	26.1 	21.8 b
A,THS_PER,ITI4	113.7 	110.5 	103.7 	110.7 b	111.3 	112.6 	113.1 	106.0 b
A,THS_PER,LT	53.1 	53.3 	48.9 	49.8 	55.4 	53.7 	53.9 	54.2 b
A,THS_PER,LT0	53.1 	53.3 	48.9 	49.8 	55.4 	53.7 	53.9 	54.2 b
A,THS_PER,LT01	22.9 	22.9 	20.8 	20.2 	24.8 	24.4 	21.7 	24.0 b
A,THS_PER,LT02	30.3 	30.3 	28.1 	29.6 	30.6 	29.3 	32.3 	30.2 b
A,THS_PER,LU	14.7 	12.9 b	13.2 	12.4 	14.9 	14.6 	12.4 	13.1 b
A,THS_PER,LU0	14.7 	12.9 b	13.2 	12.4 	14.9 	14.6 	12.4 	13.1 b
A,THS_PER,LU00	14.7 	12.9 b	13.2 	12.4 	14.9 	14.6 	12.4 	13.1 b
A,THS_PER,LV	37.1 	38.2 	41.4 	37.0 	33.3 	32.9 	34.4 	36.3 b
A,THS_PER,LV0	37.1 	38.2 	41.4 	37.0 	33.3 	32.9 	34.4 	36.3 b
A,THS_PER,LV00	37.1 	38.2 	41.4 	37.0 	33.3 	32.9 	34.4 	36.3 b
A,THS_PER,ME	8.8 	7.3 	7.3 	8.1 	9.5 	8.1 	7.8 	: 
A,THS_PER,ME0	8.8 	7.3 	7.3 	8.1 	9.5 	8.1 	7.8 	: 
A,THS_PER,ME00	8.8 	7.3 	7.3 	8.1 	9.5 	8.1 	7.8 	: 
A,THS_PER,MK	22.0 	21.1 	22.9 	23.9 	23.2 	25.4 	26.2 	: 
A,THS_PER,MK0	22.0 	21.1 	22.9 	23.9 	23.2 	25.4 	26.2 	: 
A,THS_PER,MK00	22.0 	21.1 	22.9 	23.9 	23.2 	25.4 	26.2 	: 
A,THS_PER,MT	8.5 	9.0 	9.0 	10.6 	12.4 	13.3 	12.7 	11.9 b
A,THS_PER,MT0	8.5 	9.0 	9.0 	10.6 	12.4 	13.3 	12.7 	11.9 b
A,THS_PER,MT00	8.5 	9.0 	9.0 	10.6 	12.4 	13.3 	12.7 	11.9 b
A,THS_PER,NL	380.2 	381.7 	377.9 	390.1 	408.3 	429.8 	421.3 	471.9 b
A,THS_PER,NL1	28.4 	28.8 	26.0 	25.6 	29.2 	28.2 	30.5 	30.3 b
A,THS_PER,NL11	12.8 	12.4 	10.9 	9.3 	13.4 	11.7 	13.0 	12.9 b
A,THS_PER,NL12	8.9 	9.2 	9.0 	10.3 	10.0 	10.7 	11.3 	9.7 b
A,THS_PER,NL13	6.7 	7.2 	6.1 	6.0 	5.9 	5.8 	6.2 	7.7 b
A,THS_PER,NL2	60.2 	64.9 	59.1 	64.3 	67.6 	72.4 	72.7 	88.5 b
A,THS_PER,NL21	18.4 	18.0 	17.9 	18.1 	19.7 	22.4 	21.7 	21.3 b
A,THS_PER,NL22	34.9 	40.0 	35.4 	39.0 	39.8 	40.2 	42.9 	58.6 b
A,THS_PER,NL23	6.9 	7.0 	5.7 	7.3 	8.1 	9.9 	8.1 	8.6 b
A,THS_PER,NL3	230.2 	227.3 	229.5 	234.2 	243.9 	255.9 	249.2 	279.2 b
A,THS_PER,NL31	39.9 	36.7 	39.6 	38.6 	41.6 	42.3 	40.2 	42.0 b
A,THS_PER,NL32	106.7 	106.2 	109.1 	108.2 	107.6 	121.1 	116.1 	133.5 b
A,THS_PER,NL33	79.4 	79.8 	76.1 	81.3 	86.9 	86.7 	87.5 	94.8 b
A,THS_PER,NL34	4.2 	4.6 	4.8 	6.1 	7.8 	5.9 	5.4 	8.9 b
A,THS_PER,NL4	61.4 	60.6 	63.3 	66.0 	67.5 	73.3 	68.9 	74.0 b
A,THS_PER,NL41	46.9 	47.5 	47.5 	49.9 	49.2 	54.1 	51.0 	55.2 b
A,THS_PER,NL42	14.5 	13.2 	15.7 	16.0 	18.3 	19.2 	17.9 	18.8 b
A,THS_PER,NO	105.5 	102.5 	102.5 	102.2 	101.4 	104.9 	106.4 	112.4 b
A,THS_PER,NO0	105.5 	102.5 	102.5 	102.2 	101.4 	104.9 	106.4 	112.4 b
A,THS_PER,NO01	50.8 	48.1 	: 	: 	: 	: 	: 	: 
A,THS_PER,NO02	4.8 	3.3 	2.9 	: u	: u	6.1 u	5.7 u	6.3 bu
A,THS_PER,NO03	13.8 	13.2 	: 	: 	: 	: 	: 	: 
A,THS_PER,NO04	11.8 	10.0 	: 	: 	: 	: 	: 	: 
A,THS_PER,NO05	10.5 	12.9 	: 	: 	: 	: 	: 	: 
A,THS_PER,NO06	7.9 	8.7 	7.4 	6.7 u	5.5 u	6.6 u	8.9 u	9.0 bu
A,THS_PER,NO07	6.1 	6.3 	7.0 	7.0 u	7.2 u	5.8 u	6.3 u	7.2 bu
A,THS_PER,NO08	: 	: 	55.4 	52.6 	54.5 	57.1 	53.6 	55.0 b
A,THS_PER,NO09	: 	: 	9.7 	11.1 	9.6 u	9.5 u	11.5 	14.3 b
A,THS_PER,NO0A	: 	: 	20.1 	20.6 	20.4 	20.0 	20.5 	20.6 b
A,THS_PER,PL	508.2 	529.9 	543.7 	568.4 	585.8 	548.1 	538.1 	541.6 b
A,THS_PER,PL2	95.2 	104.1 	115.2 	115.6 	124.8 	106.8 	102.4 	119.8 b
A,THS_PER,PL4	52.5 	57.0 	70.9 	74.0 	83.0 	79.3 	77.2 	78.2 b
A,THS_PER,PL5	43.7 	46.0 	46.2 	53.3 	49.3 	46.9 	48.1 	56.3 b
A,THS_PER,PL6	67.3 	75.0 	77.6 	77.2 	79.5 	74.7 	69.3 	66.2 b
A,THS_PER,PL7	55.2 	55.6 	42.8 	47.2 	50.4 	46.6 	46.7 	40.5 b
A,THS_PER,PL8	51.6 	47.5 	55.8 	58.9 	56.0 	54.6 	56.4 	54.6 b
A,THS_PER,PL9	142.7 	144.7 	135.2 	142.2 	142.8 	139.3 	138.0 	126.0 b
A,THS_PER,PT	142.9 	148.3 	146.2 	150.2 	164.3 	169.8 	175.1 	187.7 b
A,THS_PER,PT1	136.7 	142.2 	140.8 	144.6 	158.5 	163.9 	168.4 	181.7 b
A,THS_PER,PT11	44.3 	43.0 	42.9 	47.5 	54.9 	50.9 	53.2 	47.5 b
A,THS_PER,PT15	: u	: u	: u	4.9 	4.8 	6.1 	6.4 	6.9 b
A,THS_PER,PT16	25.2 	24.2 	23.1 	21.3 	27.2 	29.0 	32.2 	35.6 b
A,THS_PER,PT17	57.2 	65.9 	65.7 	65.0 	66.5 	71.8 	71.6 	83.9 b
A,THS_PER,PT18	6.4 	5.1 	4.6 	5.9 	5.1 	6.1 	5.1 	7.8 b
A,THS_PER,PT2	: u	: u	: u	: u	: u	: u	: u	: bu
A,THS_PER,PT20	: u	: u	: u	: u	: u	: u	: u	: bu
A,THS_PER,PT3	: u	: u	: u	: u	: u	: u	: u	: bu
A,THS_PER,PT30	: u	: u	: u	: u	: u	: u	: u	: bu
A,THS_PER,RO	130.5 	126.1 	133.7 	141.1 	141.1 	135.7 	120.4 	111.2 b
A,THS_PER,RO1	38.5 	43.8 	48.9 	49.0 	42.8 	33.9 	30.0 	32.5 b
A,THS_PER,RO11	18.9 	19.9 	21.5 	20.6 	16.3 	11.6 	11.1 u	14.9 b
A,THS_PER,RO12	19.6 	23.9 	27.5 	28.4 	26.5 	22.3 	18.9 	17.6 b
A,THS_PER,RO2	21.4 	20.8 	19.7 	21.8 	20.6 	21.9 	19.9 	15.1 b
A,THS_PER,RO21	12.8 	12.4 	10.9 u	12.1 	12.4 	15.3 	13.4 	9.6 bu
A,THS_PER,RO22	8.6 u	8.4 u	8.8 u	9.8 u	8.2 u	6.6 u	6.5 u	: bu
A,THS_PER,RO3	59.1 	44.3 	49.6 	55.1 	62.0 	63.6 	53.3 	47.5 b
A,THS_PER,RO31	12.0 	10.9 u	12.0 	11.7 	10.8 u	11.9 	10.2 u	: bu
A,THS_PER,RO32	47.1 	33.3 	37.6 	43.4 	51.2 	51.7 	43.2 	41.1 b
A,THS_PER,RO4	11.5 u	17.2 	15.4 	15.1 	15.6 	16.2 	17.1 	16.1 b
A,THS_PER,RO41	: u	6.6 u	: u	: u	: u	: u	: u	6.6 bu
A,THS_PER,RO42	: u	10.6 u	8.9 u	9.4 u	10.0 u	10.9 u	11.0 u	9.4 bu
A,THS_PER,RS	92.2 	82.7 b	84.1 	86.9 	85.5 	90.9 	95.7 	91.8 b
A,THS_PER,RS1	59.6 	56.4 b	61.1 	64.3 	61.9 	66.3 	69.9 	69.5 b
A,THS_PER,RS11	37.2 	36.3 b	40.3 	41.6 	41.0 	45.7 	47.9 	48.0 b
A,THS_PER,RS12	22.3 	20.1 b	20.8 	22.7 	20.9 	20.6 	22.0 	21.5 b
A,THS_PER,RS2	32.6 	26.3 b	23.0 	22.6 	23.6 	24.6 	25.8 	22.2 b
A,THS_PER,RS21	19.4 	16.6 b	14.1 	13.6 	13.1 	14.6 	15.3 	12.4 b
A,THS_PER,RS22	13.2 	9.7 b	8.9 	9.0 	10.4 	10.0 	10.5 	9.8 b
A,THS_PER,SE	224.2 	229.5 	243.0 	242.5 	235.4 b	249.3 	240.8 	231.8 b
A,THS_PER,SE1	114.4 	117.4 	125.5 	124.7 	119.9 b	129.0 	123.6 	120.1 b
A,THS_PER,SE11	88.4 	89.0 	94.9 	94.4 	95.7 b	99.5 	93.1 	88.1 b
A,THS_PER,SE12	26.0 	28.4 	30.5 	30.3 	24.1 b	29.5 	30.5 	32.0 b
A,THS_PER,SE2	85.6 	87.8 	90.2 	90.2 	87.4 b	89.3 	92.3 	86.7 b
A,THS_PER,SE21	12.8 	15.2 	14.5 	15.3 	14.8 b	14.3 	13.4 	13.1 b
A,THS_PER,SE22	32.1 	32.5 	34.0 	34.7 	32.2 b	32.7 	34.7 	32.8 b
A,THS_PER,SE23	40.6 	40.1 	41.7 	40.3 	40.4 b	42.3 	44.3 	40.8 b
A,THS_PER,SE3	24.3 	24.2 	27.4 	27.6 	28.1 b	31.0 	24.9 	25.0 b
A,THS_PER,SE31	12.4 	12.5 	13.9 	13.8 	13.0 b	14.4 	11.6 	13.7 b
A,THS_PER,SE32	5.4 	4.8 	4.9 	5.0 	6.5 b	6.6 	6.2 u	4.1 bu
A,THS_PER,SE33	6.5 	7.0 	8.7 	8.7 	8.6 b	10.0 	7.1 	7.2 b
A,THS_PER,SI	42.8 	41.5 	42.0 	45.5 	46.4 	48.5 	51.1 	45.5 b
A,THS_PER,SI0	42.8 	41.5 	42.0 	45.5 	46.4 	48.5 	51.1 	45.5 b
A,THS_PER,SI03	17.4 	15.8 	17.3 	18.1 	17.3 	18.5 	20.2 	16.8 b
A,THS_PER,SI04	25.4 	25.8 	24.7 	27.4 	29.1 	30.0 	30.9 	28.7 b
A,THS_PER,SK	62.1 	60.8 	61.9 	72.4 	71.5 	73.9 	71.4 	74.9 b
A,THS_PER,SK0	62.1 	60.8 	61.9 	72.4 	71.5 	73.9 	71.4 	74.9 b
A,THS_PER,SK01	20.4 	21.4 	19.4 	24.6 	25.7 	25.7 	23.3 	20.4 b
A,THS_PER,SK02	17.2 	16.4 	18.0 	17.8 	17.9 	20.6 	18.2 	19.9 b
A,THS_PER,SK03	13.3 	13.0 	12.9 	16.3 	13.9 	15.1 	17.4 	19.4 b
A,THS_PER,SK04	11.3 	10.0 	11.7 	13.8 	14.1 	12.6 	12.5 	15.3 b
A,THS_PER,TR	631.5 	653.4 	661.0 	676.6 	699.1 	694.9 	678.0 	: 
A,THS_PER,TR1	215.5 	241.8 	236.4 	218.8 	223.4 	239.8 	220.1 	: 
A,THS_PER,TR10	215.5 	241.8 	236.4 	218.8 	223.4 	239.8 	220.1 	: 
A,THS_PER,TR2	25.7 	22.7 	23.1 	31.4 	32.0 	30.7 	30.5 	: 
A,THS_PER,TR21	17.0 	13.2 	15.0 	23.3 	23.0 	21.0 	19.4 	: 
A,THS_PER,TR22	8.7 	9.5 	8.1 	8.1 	9.0 	9.8 	11.1 	: 
A,THS_PER,TR3	78.6 	75.7 	66.6 	70.1 	78.0 	79.0 	81.4 	: 
A,THS_PER,TR31	38.3 	34.3 	31.7 	34.0 	32.9 	38.0 	33.9 	: 
A,THS_PER,TR32	25.5 	22.2 	15.8 	19.4 	26.2 	22.5 	26.9 	: 
A,THS_PER,TR33	14.8 	19.3 	19.1 	16.7 	19.0 	18.4 	20.5 	: 
A,THS_PER,TR4	61.1 	59.9 	68.5 	70.5 	69.9 	63.2 	67.9 	: 
A,THS_PER,TR41	31.1 	31.5 	38.6 	39.9 	38.7 	32.1 	39.3 	: 
A,THS_PER,TR42	30.0 	28.4 	29.9 	30.6 	31.2 	31.1 	28.6 	: 
A,THS_PER,TR5	83.6 	82.3 	80.1 	91.2 	98.0 	97.3 	92.5 	: 
A,THS_PER,TR51	62.5 	57.6 	57.5 	66.5 	71.1 	68.9 	69.6 	: 
A,THS_PER,TR52	21.0 	24.6 	22.7 	24.7 	26.9 	28.4 	22.9 	: 
A,THS_PER,TR6	57.4 	62.5 	67.4 	71.0 	79.0 	67.4 	72.7 	: 
A,THS_PER,TR61	18.8 	22.5 	22.4 	22.4 	28.4 	24.7 	27.8 	: 
A,THS_PER,TR62	24.5 	27.8 	27.1 	29.1 	25.8 	23.1 	20.5 	: 
A,THS_PER,TR63	14.1 	12.2 	18.0 	19.5 	24.8 	19.7 	24.4 	: 
A,THS_PER,TR7	20.6 	20.4 	18.9 	20.8 	23.5 	23.8 	23.7 	: 
A,THS_PER,TR71	7.2 	7.2 	6.0 	8.0 	11.5 	11.8 	9.1 	: 
A,THS_PER,TR72	13.4 	13.2 	12.9 	12.8 	12.0 	12.0 	14.6 	: 
A,THS_PER,TR8	28.3 	27.5 	31.9 	29.4 	27.0 	27.4 	25.2 	: 
A,THS_PER,TR81	5.6 	5.0 	7.2 	7.0 	3.8 	3.5 	4.2 	: 
A,THS_PER,TR82	3.6 	4.2 	6.8 	7.8 	7.1 	6.9 	4.6 	: 
A,THS_PER,TR83	19.0 	18.4 	17.9 	14.6 	16.1 	17.0 	16.5 	: 
A,THS_PER,TR9	10.4 	13.2 	14.6 	10.4 	9.4 	11.0 	12.8 	: 
A,THS_PER,TR90	10.4 	13.2 	14.6 	10.4 	9.4 	11.0 	12.8 	: 
A,THS_PER,TRA	8.1 	7.8 	8.1 	10.1 	10.4 	8.0 	8.0 	: 
A,THS_PER,TRA1	4.9 	4.8 	4.6 	7.7 	7.4 	6.3 	5.1 	: 
A,THS_PER,TRA2	3.3 	3.0 	3.4 	2.4 u	3.0 	1.8 u	2.9 	: 
A,THS_PER,TRB	12.5 	13.4 	12.8 	14.9 	13.5 	16.5 	13.8 	: 
A,THS_PER,TRB1	7.3 	7.2 	9.2 	11.5 	9.5 	10.9 	7.9 	: 
A,THS_PER,TRB2	5.2 	6.2 	3.6 	3.4 	4.0 	5.6 	5.9 	: 
A,THS_PER,TRC	29.9 	26.1 	32.5 	37.9 	34.9 	30.7 	29.5 	: 
A,THS_PER,TRC1	19.8 	14.1 	15.4 	22.2 	19.0 	18.0 	16.7 	: 
A,THS_PER,TRC2	6.1 	8.7 	12.8 	14.1 	12.6 	8.6 	8.1 	: 
A,THS_PER,TRC3	3.9 	3.4 	4.3 	1.7 u	3.3 	4.1 	4.7 	: 
A,THS_PER,UK	1379.9 	1447.9 	1464.2 	1486.7 	1470.9 	1511.7 	: 	: 
A,THS_PER,UKC	38.9 	30.9 	41.7 	47.9 	40.2 	38.8 	: 	: 
A,THS_PER,UKC1	11.8 	12.9 	14.9 	19.9 	18.9 	16.0 	: 	: 
A,THS_PER,UKC2	27.1 	18.0 	26.8 	28.0 	21.3 	22.8 	: 	: 
A,THS_PER,UKD	107.9 	102.5 	117.3 	112.4 	125.1 	126.0 	: 	: 
A,THS_PER,UKD1	6.2 u	4.3 u	7.5 u	8.2 u	9.2 u	6.6 u	: 	: 
A,THS_PER,UKD3	44.9 	47.3 	50.6 	45.2 	54.2 	61.9 	: 	: 
A,THS_PER,UKD4	19.3 	20.5 	21.8 	16.5 	22.1 	17.9 	: 	: 
A,THS_PER,UKD6	14.6 	14.6 	18.8 	18.2 	16.8 	14.9 	: 	: 
A,THS_PER,UKD7	23.0 	15.9 	18.6 	24.2 	22.9 	24.7 	: 	: 
A,THS_PER,UKE	86.9 	88.6 	94.2 	98.0 	104.0 	101.1 	: 	: 
A,THS_PER,UKE1	9.9 u	11.9 	13.8 	11.7 	13.7 	12.8 	: 	: 
A,THS_PER,UKE2	13.6 	19.1 	16.1 	16.0 	22.3 	13.6 	: 	: 
A,THS_PER,UKE3	19.6 	17.5 	22.3 	21.9 	24.5 	20.6 	: 	: 
A,THS_PER,UKE4	43.8 	40.1 	42.0 	48.4 	43.5 	54.0 	: 	: 
A,THS_PER,UKF	84.0 	81.6 	84.5 	96.8 	78.8 	80.1 	: 	: 
A,THS_PER,UKF1	36.0 	34.5 	38.1 	43.1 	40.0 	39.7 	: 	: 
A,THS_PER,UKF2	38.0 	34.8 	36.5 	40.6 	29.3 	28.2 	: 	: 
A,THS_PER,UKF3	10.1 	12.3 	9.9 u	13.1 	9.6 u	12.3 	: 	: 
A,THS_PER,UKG	79.7 	103.8 	88.3 	85.9 	80.3 	78.8 	: 	: 
A,THS_PER,UKG1	22.1 	26.7 	20.4 	26.1 	17.5 	19.5 	: 	: 
A,THS_PER,UKG2	23.5 	31.3 	26.4 	25.0 	20.6 	21.3 	: 	: 
A,THS_PER,UKG3	34.1 	45.9 	41.5 	34.8 	42.2 	38.1 	: 	: 
A,THS_PER,UKH	127.6 	133.0 	137.2 	129.1 	135.3 	142.0 	: 	: 
A,THS_PER,UKH1	56.2 	48.0 	51.4 	46.3 	57.1 	53.5 	: 	: 
A,THS_PER,UKH2	38.8 	45.8 	48.7 	43.4 	43.8 	48.0 	: 	: 
A,THS_PER,UKH3	32.6 	39.2 	37.2 	39.5 	34.4 	40.5 	: 	: 
A,THS_PER,UKI	379.1 	408.0 	380.2 	395.2 	404.1 	409.0 	: 	: 
A,THS_PER,UKI3	74.9 	93.5 	71.4 	73.3 	67.6 	77.0 	: 	: 
A,THS_PER,UKI4	138.1 	152.4 	142.1 	152.2 	155.8 	148.5 	: 	: 
A,THS_PER,UKI5	45.0 	51.0 	57.9 	55.6 	58.3 	64.2 	: 	: 
A,THS_PER,UKI6	43.1 	39.8 	40.2 	39.8 	36.1 	46.3 	: 	: 
A,THS_PER,UKI7	78.0 	71.3 	68.6 	74.4 	86.3 	73.1 	: 	: 
A,THS_PER,UKJ	212.6 	220.6 	218.5 	236.8 	218.3 	233.0 	: 	: 
A,THS_PER,UKJ1	67.7 	71.3 	71.1 	66.6 	69.9 	61.2 	: 	: 
A,THS_PER,UKJ2	72.2 	76.4 	69.2 	86.2 	81.5 	92.8 	: 	: 
A,THS_PER,UKJ3	33.4 	33.1 	38.5 	43.2 	36.3 	38.6 	: 	: 
A,THS_PER,UKJ4	39.3 	39.8 	39.6 	40.8 	30.4 	40.4 	: 	: 
A,THS_PER,UKK	111.1 	111.2 	126.9 	124.0 	118.5 	114.6 	: 	: 
A,THS_PER,UKK1	56.1 	54.0 	67.0 	65.4 	55.1 	53.0 	: 	: 
A,THS_PER,UKK2	25.5 	22.5 	23.7 	23.7 	22.8 	25.7 	: 	: 
A,THS_PER,UKK3	10.2 	14.5 	15.0 	12.6 	12.8 	14.0 	: 	: 
A,THS_PER,UKK4	19.3 	20.2 	21.2 	22.4 	27.8 	21.9 	: 	: 
A,THS_PER,UKL	41.8 	48.7 	53.0 	46.4 	49.7 	54.0 	: 	: 
A,THS_PER,UKL1	24.9 	28.8 	29.7 	26.2 	23.1 	26.5 	: 	: 
A,THS_PER,UKL2	16.9 	20.0 	23.3 	20.2 	26.6 	27.4 	: 	: 
A,THS_PER,UKM	83.4 	90.4 	98.8 	89.9 	89.4 	108.7 	: 	: 
A,THS_PER,UKM5	5.0 u	: u	: u	: u	: u	5.2 u	: 	: 
A,THS_PER,UKM6	4.7 u	7.4 u	8.9 u	7.2 u	6.9 u	6.1 u	: 	: 
A,THS_PER,UKM7	33.0 	41.0 	44.5 	36.7 	38.2 	45.7 	: 	: 
A,THS_PER,UKM8	24.9 	25.5 	30.4 	30.9 	28.4 	36.6 	: 	: 
A,THS_PER,UKM9	15.8 	12.4 	12.0 	11.4 	12.3 	15.2 	: 	: 
A,THS_PER,UKN	27.0 	28.6 	23.6 	24.3 	27.1 	25.6 	: 	: 
A,THS_PER,UKN0	27.0 	28.6 	23.6 	24.3 	27.1 	25.6 	: 	: 
