Reference area,Unit of measure,TIME_PERIOD,OBS_VALUE,UNIT_MULT
Australia,Hectares,1993,47561.539,3
Australia,Hectares,1994,48753.047,3
Australia,Hectares,1995,53517.871,3
Australia,Hectares,1996,77327.426,3
Australia,Hectares,1997,41448.601,3
Australia,Hectares,1998,45555.092,3
Australia,Hectares,1999,47004.436,3
Australia,Hectares,2000,48363.892,3
Australia,Hectares,2001,51630.362,3
Australia,Hectares,2002,49338.538,3
Australia,Hectares,2003,59842.363,3
Australia,Hectares,2004,63303.347,3
Australia,Hectares,2005,63823.577,3
Australia,Hectares,2006,58895.361,3
Australia,Hectares,2007,58689.973,3
Australia,Hectares,2008,89468.735,3
Australia,Hectares,2009,90810.019,3
Australia,Hectares,2010,87804.899,3
Australia,Hectares,2011,83205.666,3
Australia,Hectares,2012,78852.441,3
Australia,Hectares,2013,71135.189,3
Australia,Hectares,2014,77376.687,3
Australia,Hectares,2015,65275.962,3
Australia,Hectares,2016,61844.005,3
Australia,Hectares,2017,63681.818,3
Australia,Hectares,2018,64809.793,3
Australia,Hectares,2019,64349.901,3
Australia,Hectares,2020,65286.012,3
Australia,Hectares,2021,73966.462,3
Austria,Hectares,1993,1497,3
Austria,Hectares,1994,1498,3
Austria,Hectares,1995,1489,3
Austria,Hectares,1996,1488.7,3
Austria,Hectares,1997,1479.5,3
Austria,Hectares,1998,1467.7,3
Austria,Hectares,1999,1466.4,3
Austria,Hectares,2000,1462.8,3
Austria,Hectares,2001,1456.2,3
Austria,Hectares,2002,1455.6,3
Austria,Hectares,2003,1456.5,3
Austria,Hectares,2004,1450.5,3
Austria,Hectares,2005,1451.9,3
Austria,Hectares,2006,1450,3
Austria,Hectares,2007,1448.7,3
Austria,Hectares,2008,1439.1,3
Austria,Hectares,2009,1436.6,3
Austria,Hectares,2010,1430.09,3
Austria,Hectares,2011,1425,3
Austria,Hectares,2012,1420.43,3
Austria,Hectares,2013,1419.28,3
Austria,Hectares,2014,1417.03,3
Austria,Hectares,2015,1413.53,3
Austria,Hectares,2016,1405.17,3
Austria,Hectares,2017,1396.76,3
Austria,Hectares,2018,1395.04,3
Austria,Hectares,2019,1393.42,3
Austria,Hectares,2020,1390.75,3
Austria,Hectares,2021,1392.51,3
Belgium,Hectares,1993,842.5,3
Belgium,Hectares,1994,961.4,3
Belgium,Hectares,1995,889,3
Belgium,Hectares,1996,875.3,3
Belgium,Hectares,1997,869.9,3
Belgium,Hectares,1998,877.1,3
Belgium,Hectares,1999,876.7,3
Belgium,Hectares,2000,887.7,3
Belgium,Hectares,2001,866.9,3
Belgium,Hectares,2002,854.4,3
Belgium,Hectares,2003,854.3,3
Belgium,Hectares,2004,861.6,3
Belgium,Hectares,2005,864.6,3
Belgium,Hectares,2006,862.9,3
Belgium,Hectares,2007,860.8,3
Belgium,Hectares,2008,866.9,3
Belgium,Hectares,2009,861.4,3
Belgium,Hectares,2010,854.71,3
Belgium,Hectares,2011,844.53,3
Belgium,Hectares,2012,822.7,3
Belgium,Hectares,2013,836.42,3
Belgium,Hectares,2014,837.49,3
Belgium,Hectares,2015,854.92,3
Belgium,Hectares,2016,874.52,3
Belgium,Hectares,2017,861.31,3
Belgium,Hectares,2018,876.45,3
Belgium,Hectares,2019,883.24,3
Belgium,Hectares,2020,890.96,3
Belgium,Hectares,2021,892.04,3
Canada,Hectares,1993,44989.502,3
Canada,Hectares,1994,45671.492,3
Canada,Hectares,1995,45121.422,3
Canada,Hectares,1996,47552.484,3
Canada,Hectares,1997,47802.918,3
Canada,Hectares,1998,47729.532,3
Canada,Hectares,1999,47154.173,3
Canada,Hectares,2000,47820.836,3
Canada,Hectares,2001,38075.555,3
Canada,Hectares,2002,33823.665,3
Canada,Hectares,2003,38272.61,3
Canada,Hectares,2004,36788.758,3
Canada,Hectares,2005,37240.073,3
Canada,Hectares,2006,36933.307,3
Canada,Hectares,2007,37564.536,3
Canada,Hectares,2008,37530.277,3
Canada,Hectares,2009,36198.956,3
Canada,Hectares,2010,36487.848,3
Canada,Hectares,2011,36948.638,3
Canada,Hectares,2012,37268.328,3
Canada,Hectares,2013,37451.217,3
Canada,Hectares,2014,37145.081,3
Canada,Hectares,2015,36424.334,3
Canada,Hectares,2016,36048.082,3
Canada,Hectares,2017,37410.691,3
Canada,Hectares,2018,37493.461,3
Canada,Hectares,2019,36806.562,3
Canada,Hectares,2020,37128.957,3
Canada,Hectares,2021,36344.465,3
Chile,Hectares,1993,2577,3
Chile,Hectares,1994,2550,3
Chile,Hectares,1995,2400,3
Chile,Hectares,1996,2300,3
Chile,Hectares,1997,2297,3
Chile,Hectares,1998,2294,3
Chile,Hectares,1999,2130,3
Chile,Hectares,2000,2110,3
Chile,Hectares,2001,2150,3
Chile,Hectares,2002,2065,3
Chile,Hectares,2003,1925,3
Chile,Hectares,2004,1935,3
Chile,Hectares,2005,1885,3
Chile,Hectares,2006,1800,3
Chile,Hectares,2007,1719,3
Chile,Hectares,2008,1769,3
Chile,Hectares,2009,1767,3
Chile,Hectares,2010,1728,3
Chile,Hectares,2011,1774,3
Chile,Hectares,2012,1740,3
Chile,Hectares,2013,1766,3
Chile,Hectares,2014,1746.2,3
Chile,Hectares,2015,1770,3
Chile,Hectares,2016,1726.8,3
Chile,Hectares,2017,1742,3
Chile,Hectares,2018,1680,3
Chile,Hectares,2019,1656,3
Chile,Hectares,2020,1695,3
Colombia,Hectares,1993,4820,3
Colombia,Hectares,1994,4782,3
Colombia,Hectares,1995,4430,3
Colombia,Hectares,1996,4096,3
Colombia,Hectares,1997,4257,3
Colombia,Hectares,1998,4377,3
Colombia,Hectares,1999,4364,3
Colombia,Hectares,2000,4545,3
Colombia,Hectares,2001,4135,3
Colombia,Hectares,2002,3736,3
Colombia,Hectares,2003,3749,3
Colombia,Hectares,2004,3708,3
Colombia,Hectares,2005,3613,3
Colombia,Hectares,2006,3369.3,3
Colombia,Hectares,2007,3570,3
Colombia,Hectares,2008,3461,3
Colombia,Hectares,2009,3354,3
Colombia,Hectares,2010,3353,3
Colombia,Hectares,2011,3409,3
Colombia,Hectares,2012,3453,3
Colombia,Hectares,2013,3448,3
Colombia,Hectares,2014,3540.7,3
Colombia,Hectares,2015,3633.5,3
Colombia,Hectares,2016,3726.2,3
Colombia,Hectares,2017,9892,3
Colombia,Hectares,2018,9892,3
Colombia,Hectares,2019,9872,3
Colombia,Hectares,2020,8738.545,3
Costa Rica,Hectares,1993,500,3
Costa Rica,Hectares,1994,520,3
Costa Rica,Hectares,1995,510,3
Costa Rica,Hectares,1996,495,3
Costa Rica,Hectares,1997,490,3
Costa Rica,Hectares,1998,490,3
Costa Rica,Hectares,1999,500,3
Costa Rica,Hectares,2000,490,3
Costa Rica,Hectares,2001,490,3
Costa Rica,Hectares,2002,490,3
Costa Rica,Hectares,2003,500,3
Costa Rica,Hectares,2004,500,3
Costa Rica,Hectares,2005,490,3
Costa Rica,Hectares,2006,505,3
Costa Rica,Hectares,2007,500,3
Costa Rica,Hectares,2008,500,3
Costa Rica,Hectares,2009,530,3
Costa Rica,Hectares,2010,540,3
Costa Rica,Hectares,2011,547,3
Costa Rica,Hectares,2012,547,3
Costa Rica,Hectares,2013,551,3
Costa Rica,Hectares,2014,544,3
Costa Rica,Hectares,2015,558.5,3
Costa Rica,Hectares,2016,577.5,3
Costa Rica,Hectares,2017,579.5,3
Costa Rica,Hectares,2018,582.5,3
Costa Rica,Hectares,2019,575.5,3
Costa Rica,Hectares,2020,561.5,3
Czechia,Hectares,1993,3409,3
Czechia,Hectares,1994,3395,3
Czechia,Hectares,1995,3378,3
Czechia,Hectares,1996,3377,3
Czechia,Hectares,1997,3367.6,3
Czechia,Hectares,1998,3308.3,3
Czechia,Hectares,1999,3329.2,3
Czechia,Hectares,2000,3322.66,3
Czechia,Hectares,2001,3308.74,3
Czechia,Hectares,2002,2813.21,3
Czechia,Hectares,2003,2793.38,3
Czechia,Hectares,2004,2773.28,3
Czechia,Hectares,2005,2752.75,3
Czechia,Hectares,2006,2676.56,3
Czechia,Hectares,2007,2664.56,3
Czechia,Hectares,2008,2638.56,3
Czechia,Hectares,2009,2620.7,3
Czechia,Hectares,2010,2587.82,3
Czechia,Hectares,2011,2562.31,3
Czechia,Hectares,2012,2558.15,3
Czechia,Hectares,2013,2547.3,3
Czechia,Hectares,2014,2535.05,3
Czechia,Hectares,2015,2535.93,3
Czechia,Hectares,2016,2540.22,3
Czechia,Hectares,2017,2543.18,3
Czechia,Hectares,2018,2533.12,3
Czechia,Hectares,2019,2531.82,3
Czechia,Hectares,2020,2534.26,3
Czechia,Hectares,2021,2524.28,3
Denmark,Hectares,1993,2513.1,3
Denmark,Hectares,1994,2517.8,3
Denmark,Hectares,1995,2508.9,3
Denmark,Hectares,1996,2810.3,3
Denmark,Hectares,1997,2788.9,3
Denmark,Hectares,1998,2808.1,3
Denmark,Hectares,1999,2826.5,3
Denmark,Hectares,2000,2483.3,3
Denmark,Hectares,2001,2503.8,3
Denmark,Hectares,2002,2488.6,3
Denmark,Hectares,2003,2455.5,3
Denmark,Hectares,2004,2480.1,3
Denmark,Hectares,2005,2490.1,3
Denmark,Hectares,2006,2484.9,3
Denmark,Hectares,2007,2460.8,3
Denmark,Hectares,2008,2464.2,3
Denmark,Hectares,2009,2416.4,3
Denmark,Hectares,2010,2453.2,3
Denmark,Hectares,2011,2459.69,3
Denmark,Hectares,2012,2441.27,3
Denmark,Hectares,2013,2432.3,3
Denmark,Hectares,2014,2459.4,3
Denmark,Hectares,2015,2378.18,3
Denmark,Hectares,2016,2399.5,3
Denmark,Hectares,2017,2396.6,3
Denmark,Hectares,2018,2419.8,3
Denmark,Hectares,2019,2419.2,3
Denmark,Hectares,2020,2397.6,3
Denmark,Hectares,2021,2384.11,3
Estonia,Hectares,1993,1077.3,3
Estonia,Hectares,1994,960.4,3
Estonia,Hectares,1995,885.5,3
Estonia,Hectares,1996,895.8,3
Estonia,Hectares,1997,900.5,3
Estonia,Hectares,1998,602.8,3
Estonia,Hectares,1999,871,3
Estonia,Hectares,2000,854.5,3
Estonia,Hectares,2001,696.3,3
Estonia,Hectares,2002,631.1,3
Estonia,Hectares,2003,560.5,3
Estonia,Hectares,2004,534.8,3
Estonia,Hectares,2005,603.5,3
Estonia,Hectares,2006,568.6,3
Estonia,Hectares,2007,608.3,3
Estonia,Hectares,2008,606.4,3
Estonia,Hectares,2009,605.2,3
Estonia,Hectares,2010,652.7,3
Estonia,Hectares,2011,640,3
Estonia,Hectares,2012,629.7,3
Estonia,Hectares,2013,641.3,3
Estonia,Hectares,2014,657.3,3
Estonia,Hectares,2015,678.8,3
Estonia,Hectares,2016,699.22,3
Estonia,Hectares,2017,688.37,3
Estonia,Hectares,2018,692.44,3
Estonia,Hectares,2019,699.22,3
Estonia,Hectares,2020,700.69,3
Estonia,Hectares,2021,705.82,3
Finland,Hectares,1993,2277.4,3
Finland,Hectares,1994,2301.5,3
Finland,Hectares,1995,2145.5,3
Finland,Hectares,1996,2125.4,3
Finland,Hectares,1997,2128.3,3
Finland,Hectares,1998,2169.5,3
Finland,Hectares,1999,2179.9,3
Finland,Hectares,2000,2182.2,3
Finland,Hectares,2001,2189.9,3
Finland,Hectares,2002,2220.6,3
Finland,Hectares,2003,2217.5,3
Finland,Hectares,2004,2224.5,3
Finland,Hectares,2005,2240.4,3
Finland,Hectares,2006,2264.3,3
Finland,Hectares,2007,2260.7,3
Finland,Hectares,2008,2262.9,3
Finland,Hectares,2009,2262,3
Finland,Hectares,2010,2258.6,3
Finland,Hectares,2011,2254.7,3
Finland,Hectares,2012,2253.3,3
Finland,Hectares,2013,1972.5,3
Finland,Hectares,2014,2235.7,3
Finland,Hectares,2015,2245.2,3
Finland,Hectares,2016,2248.6,3
Finland,Hectares,2017,2247.3,3
Finland,Hectares,2018,2247.3,3
Finland,Hectares,2019,2249.9,3
Finland,Hectares,2020,2247.7,3
Finland,Hectares,2021,2247.2,3
France,Hectares,1993,19551.1,3
France,Hectares,1994,19623,3
France,Hectares,1995,19671.1,3
France,Hectares,1996,19605.5,3
France,Hectares,1997,19734.3,3
France,Hectares,1998,19787,3
France,Hectares,1999,19719.9,3
France,Hectares,2000,19711.6,3
France,Hectares,2001,19696.5,3
France,Hectares,2002,19695.7,3
France,Hectares,2003,19607.6,3
France,Hectares,2004,19604.4,3
France,Hectares,2005,19671.6,3
France,Hectares,2006,1257.7,3
France,Hectares,2007,19407.5,3
France,Hectares,2008,19474.5,3
France,Hectares,2009,1218.7,3
France,Hectares,2010,19775.88,3
France,Hectares,2011,19298.77,3
France,Hectares,2012,19394.12,3
France,Hectares,2013,19739.17,3
France,Hectares,2014,19739.34,3
France,Hectares,2015,19732.26,3
France,Hectares,2016,19799.1,3
France,Hectares,2017,19801.49,3
France,Hectares,2018,19426.18,3
France,Hectares,2019,19413.67,3
France,Hectares,2020,19251.15,3
Germany,Hectares,1993,11968.1,3
Germany,Hectares,1994,12083.5,3
Germany,Hectares,1995,12062.2,3
Germany,Hectares,1996,12377.1,3
Germany,Hectares,1997,12370,3
Germany,Hectares,1998,12432.5,3
Germany,Hectares,1999,12037.8,3
Germany,Hectares,2000,12016.4,3
Germany,Hectares,2001,12025.8,3
Germany,Hectares,2002,12004.6,3
Germany,Hectares,2003,12039.7,3
Germany,Hectares,2004,12107.1,3
Germany,Hectares,2005,12106.2,3
Germany,Hectares,2006,12069.3,3
Germany,Hectares,2007,12079.5,3
Germany,Hectares,2008,12137.1,3
Germany,Hectares,2009,12148.2,3
Germany,Hectares,2010,12049.36,3
Germany,Hectares,2011,12077.3,3
Germany,Hectares,2012,12036.5,3
Germany,Hectares,2013,12078.6,3
Germany,Hectares,2014,12074.2,3
Germany,Hectares,2015,12053.5,3
Germany,Hectares,2016,11964.4,3
Germany,Hectares,2017,11972.3,3
Germany,Hectares,2018,11931.7,3
Germany,Hectares,2019,11914.6,3
Germany,Hectares,2020,11864.7,3
Germany,Hectares,2021,11861.8,3
Greece,Hectares,1993,3372.9,3
Greece,Hectares,1994,3326.9,3
Greece,Hectares,1995,3327,3
Greece,Hectares,1996,3352.4,3
Greece,Hectares,1997,2267.7,3
Greece,Hectares,1998,3353.4,3
Greece,Hectares,1999,3913.9,3
Greece,Hectares,2000,3210.77,3
Greece,Hectares,2001,3359.23,3
Greece,Hectares,2002,3261.1,3
Greece,Hectares,2003,3205.83,3
Greece,Hectares,2004,3200.62,3
Greece,Hectares,2005,3249.99,3
Greece,Hectares,2006,3026.63,3
Greece,Hectares,2007,3139.71,3
Greece,Hectares,2008,2939.11,3
Greece,Hectares,2009,3102.92,3
Greece,Hectares,2010,2983.62,3
Greece,Hectares,2011,2984.21,3
Greece,Hectares,2012,2993,3
Greece,Hectares,2013,3129.21,3
Greece,Hectares,2014,3269.33,3
Greece,Hectares,2015,3242.02,3
Greece,Hectares,2016,3238.58,3
Greece,Hectares,2017,3132.35,3
Greece,Hectares,2018,3116.78,3
Greece,Hectares,2019,3021.87,3
Greece,Hectares,2020,3016.02,3
Greece,Hectares,2021,2807.37,3
Hungary,Hectares,1993,4747.8,3
Hungary,Hectares,1994,4749.4,3
Hungary,Hectares,1995,4806.1,3
Hungary,Hectares,1996,4810.9,3
Hungary,Hectares,1997,4820,3
Hungary,Hectares,1998,4610.1,3
Hungary,Hectares,1999,4498.7,3
Hungary,Hectares,2000,4802.8,3
Hungary,Hectares,2001,4804.2,3
Hungary,Hectares,2002,5255.7,3
Hungary,Hectares,2003,4799.7,3
Hungary,Hectares,2004,4800.8,3
Hungary,Hectares,2005,4803.8,3
Hungary,Hectares,2006,4792.7,3
Hungary,Hectares,2007,4788.5,3
Hungary,Hectares,2008,4778.5,3
Hungary,Hectares,2009,4777.1,3
Hungary,Hectares,2010,4484.86,3
Hungary,Hectares,2011,4496.84,3
Hungary,Hectares,2012,4489.17,3
Hungary,Hectares,2013,4588.36,3
Hungary,Hectares,2014,4592.41,3
Hungary,Hectares,2015,4591.29,3
Hungary,Hectares,2016,4573.78,3
Hungary,Hectares,2017,4548.47,3
Hungary,Hectares,2018,4552.44,3
Hungary,Hectares,2019,4519.1,3
Hungary,Hectares,2020,4265.34,3
Hungary,Hectares,2021,4294.53,3
Iceland,Hectares,1993,141.092,3
Iceland,Hectares,1994,141.892,3
Iceland,Hectares,1995,143.154,3
Iceland,Hectares,1996,140.323,3
Iceland,Hectares,1997,138.059,3
Iceland,Hectares,1998,136.247,3
Iceland,Hectares,1999,134.797,3
Iceland,Hectares,2000,133.638,3
Iceland,Hectares,2001,129,3
Iceland,Hectares,2002,129,3
Iceland,Hectares,2003,129,3
Iceland,Hectares,2004,129,3
Iceland,Hectares,2005,129,3
Iceland,Hectares,2006,129,3
Iceland,Hectares,2007,129,3
Iceland,Hectares,2008,129,3
Iceland,Hectares,2009,129,3
Iceland,Hectares,2010,123.107,3
Iceland,Hectares,2011,123.107,3
Iceland,Hectares,2012,123.107,3
Iceland,Hectares,2013,123.107,3
Iceland,Hectares,2014,123.107,3
Iceland,Hectares,2015,123.107,3
Iceland,Hectares,2016,123.107,3
Iceland,Hectares,2017,123.107,3
Iceland,Hectares,2018,123.107,3
Iceland,Hectares,2019,123.107,3
Iceland,Hectares,2020,123.107,3
Iceland,Hectares,2021,123.107,3
Ireland,Hectares,1993,959.6,3
Ireland,Hectares,1994,1097.3,3
Ireland,Hectares,1995,1053.8,3
Ireland,Hectares,1996,1100.1,3
Ireland,Hectares,1997,1038.4,3
Ireland,Hectares,1998,1086.8,3
Ireland,Hectares,1999,1079.3,3
Ireland,Hectares,2000,1078.9,3
Ireland,Hectares,2001,1192.4,3
Ireland,Hectares,2002,518,3
Ireland,Hectares,2003,531.23,3
Ireland,Hectares,2004,520.85,3
Ireland,Hectares,2005,488.1,3
Ireland,Hectares,2006,467.68,3
Ireland,Hectares,2007,465.75,3
Ireland,Hectares,2008,488.07,3
Ireland,Hectares,2009,465.53,3
Ireland,Hectares,2010,436.4,3
Ireland,Hectares,2011,460.35,3
Ireland,Hectares,2012,482.9,3
Ireland,Hectares,2013,475.68,3
Ireland,Hectares,2014,465.56,3
Ireland,Hectares,2015,455.67,3
Ireland,Hectares,2016,461.61,3
Ireland,Hectares,2017,462.14,3
Ireland,Hectares,2018,451.82,3
Ireland,Hectares,2019,443.67,3
Ireland,Hectares,2020,444.77,3
Ireland,Hectares,2021,436.61,3
Italy,Hectares,1993,11933.2,3
Italy,Hectares,1994,11845.5,3
Italy,Hectares,1995,11746,3
Italy,Hectares,1996,11328.6,3
Italy,Hectares,1997,11297.6,3
Italy,Hectares,1998,11229.3,3
Italy,Hectares,1999,11388.4,3
Italy,Hectares,2000,11248.3,3
Italy,Hectares,2001,11071.6,3
Italy,Hectares,2002,11005,3
Italy,Hectares,2003,10682.8,3
Italy,Hectares,2004,10569.6,3
Italy,Hectares,2005,10257,3
Italy,Hectares,2006,9959.4,3
Italy,Hectares,2007,9984,3
Italy,Hectares,2008,9945.5,3
Italy,Hectares,2009,34.8,3
Italy,Hectares,2010,9415.52,3
Italy,Hectares,2011,9351.7,3
Italy,Hectares,2012,8834.8,3
Italy,Hectares,2013,9216.1,3
Italy,Hectares,2014,9156.13,3
Italy,Hectares,2015,9081.73,3
Italy,Hectares,2016,9180.49,3
Italy,Hectares,2017,9397.45,3
Italy,Hectares,2018,9249.12,3
Italy,Hectares,2019,9358.32,3
Italy,Hectares,2020,9382.73,3
Italy,Hectares,2021,9358.43,3
Japan,Hectares,1993,4464.1,3
Japan,Hectares,1994,4420.6,3
Japan,Hectares,1995,4377.6,3
Japan,Hectares,1996,4335.4,3
Japan,Hectares,1997,4294.9,3
Japan,Hectares,1998,4255.3,3
Japan,Hectares,1999,4218.7,3
Japan,Hectares,2000,4185.4,3
Japan,Hectares,2001,4152.3,3
Japan,Hectares,2002,4122.7,3
Japan,Hectares,2003,4099.2,3
Japan,Hectares,2004,4079,3
Japan,Hectares,2005,4061.3,3
Japan,Hectares,2006,4044.3,3
Japan,Hectares,2007,4025.9,3
Japan,Hectares,2008,4006.7,3
Japan,Hectares,2009,3989.7,3
Japan,Hectares,2010,3975.6,3
Japan,Hectares,2011,3945.7,3
Japan,Hectares,2012,3936.2,3
Japan,Hectares,2013,3925.5,3
Japan,Hectares,2014,3910.6,3
Japan,Hectares,2015,3889.4,3
Japan,Hectares,2016,3868.1,3
Japan,Hectares,2017,3842.7,3
Japan,Hectares,2018,3820.6,3
Japan,Hectares,2019,3800.1,3
Japan,Hectares,2020,3777.1,3
Japan,Hectares,2021,3755.2,3
Korea,Hectares,1993,2284.714,3
Korea,Hectares,1994,2205.18,3
Korea,Hectares,1995,2196.64,3
Korea,Hectares,1996,2141.854,3
Korea,Hectares,1997,2096.764,3
Korea,Hectares,1998,2117.838,3
Korea,Hectares,1999,2116.013,3
Korea,Hectares,2000,2098.041,3
Korea,Hectares,2001,2089.259,3
Korea,Hectares,2002,2019.53,3
Korea,Hectares,2003,1936.118,3
Korea,Hectares,2004,1941.143,3
Korea,Hectares,2005,1921,3
Korea,Hectares,2006,1859.992,3
Korea,Hectares,2007,1855.946,3
Korea,Hectares,2008,1834.243,3
Korea,Hectares,2009,1873.453,3
Korea,Hectares,2010,1825.049,3
Korea,Hectares,2011,1802.441,3
Korea,Hectares,2012,1766.082,3
Korea,Hectares,2013,1749.419,3
Korea,Hectares,2014,1753.878,3
Korea,Hectares,2015,1682.139,3
Korea,Hectares,2016,1680.092,3
Korea,Hectares,2017,1641.116,3
Korea,Hectares,2018,1660.299,3
Korea,Hectares,2019,1643.465,3
Korea,Hectares,2020,1623.927,3
Latvia,Hectares,1993,1467.1,3
Latvia,Hectares,1994,1249,3
Latvia,Hectares,1995,1729.4,3
Latvia,Hectares,1996,1728.8,3
Latvia,Hectares,1997,15.1,3
Latvia,Hectares,1998,1812.1,3
Latvia,Hectares,1999,1852.2,3
Latvia,Hectares,2000,981.4,3
Latvia,Hectares,2001,970.3,3
Latvia,Hectares,2002,985,3
Latvia,Hectares,2003,968.4,3
Latvia,Hectares,2004,1021,3
Latvia,Hectares,2005,1104.6,3
Latvia,Hectares,2006,1218.3,3
Latvia,Hectares,2007,1198.1,3
Latvia,Hectares,2008,1176.9,3
Latvia,Hectares,2009,1173.5,3
Latvia,Hectares,2010,1180.2,3
Latvia,Hectares,2011,1164.6,3
Latvia,Hectares,2012,1184.4,3
Latvia,Hectares,2013,1214.3,3
Latvia,Hectares,2014,1215.4,3
Latvia,Hectares,2015,1236.5,3
Latvia,Hectares,2016,1295.5,3
Latvia,Hectares,2017,1297.3,3
Latvia,Hectares,2018,1303.1,3
Latvia,Hectares,2019,1327.5,3
Latvia,Hectares,2020,1342.7,3
Latvia,Hectares,2021,1371.5,3
Lithuania,Hectares,1993,3045.7,3
Lithuania,Hectares,1994,3017.1,3
Lithuania,Hectares,1995,3006.3,3
Lithuania,Hectares,1996,3000.2,3
Lithuania,Hectares,1997,3006.1,3
Lithuania,Hectares,1998,3004.4,3
Lithuania,Hectares,1999,2995.5,3
Lithuania,Hectares,2000,1722.4,3
Lithuania,Hectares,2001,41.9,3
Lithuania,Hectares,2002,42.3,3
Lithuania,Hectares,2003,1558.2,3
Lithuania,Hectares,2004,1649.2,3
Lithuania,Hectares,2005,1946.3,3
Lithuania,Hectares,2006,1915.4,3
Lithuania,Hectares,2007,1866.5,3
Lithuania,Hectares,2008,1889.9,3
Lithuania,Hectares,2009,2082.3,3
Lithuania,Hectares,2010,2159.1,3
Lithuania,Hectares,2011,2217.6,3
Lithuania,Hectares,2012,2293.3,3
Lithuania,Hectares,2013,2324,3
Lithuania,Hectares,2014,2385.2,3
Lithuania,Hectares,2015,2208,3
Lithuania,Hectares,2016,2178.47,3
Lithuania,Hectares,2017,2140.2,3
Lithuania,Hectares,2018,2152.26,3
Lithuania,Hectares,2019,2247.86,3
Lithuania,Hectares,2020,2285.69,3
Lithuania,Hectares,2021,2316.1,3
Luxembourg,Hectares,1993,59.2,3
Luxembourg,Hectares,1994,58.7,3
Luxembourg,Hectares,1995,59.5,3
Luxembourg,Hectares,1996,60,3
Luxembourg,Hectares,1997,62.1,3
Luxembourg,Hectares,1998,63,3
Luxembourg,Hectares,1999,63.1,3
Luxembourg,Hectares,2000,69.4,3
Luxembourg,Hectares,2001,62.9,3
Luxembourg,Hectares,2002,63,3
Luxembourg,Hectares,2003,63.3,3
Luxembourg,Hectares,2004,63,3
Luxembourg,Hectares,2005,61.5,3
Luxembourg,Hectares,2006,61.4,3
Luxembourg,Hectares,2007,62.6,3
Luxembourg,Hectares,2008,63.3,3
Luxembourg,Hectares,2009,63.4,3
Luxembourg,Hectares,2010,63.64,3
Luxembourg,Hectares,2011,63.63,3
Luxembourg,Hectares,2012,64.13,3
Luxembourg,Hectares,2013,64.15,3
Luxembourg,Hectares,2014,64.26,3
Luxembourg,Hectares,2015,64.46,3
Luxembourg,Hectares,2016,63.53,3
Luxembourg,Hectares,2017,63.74,3
Luxembourg,Hectares,2018,63.85,3
Luxembourg,Hectares,2019,63.71,3
Luxembourg,Hectares,2020,63.89,3
Luxembourg,Hectares,2021,64.28,3
Mexico,Hectares,1993,24822,3
Mexico,Hectares,1994,24887,3
Mexico,Hectares,1995,24952,3
Mexico,Hectares,1996,25117,3
Mexico,Hectares,1997,25182,3
Mexico,Hectares,1998,25247,3
Mexico,Hectares,1999,25313,3
Mexico,Hectares,2000,25378,3
Mexico,Hectares,2001,25643,3
Mexico,Hectares,2002,25708,3
Mexico,Hectares,2003,25773,3
Mexico,Hectares,2004,25838,3
Mexico,Hectares,2005,25903,3
Mexico,Hectares,2006,25968,3
Mexico,Hectares,2007,26145,3
Mexico,Hectares,2008,25958,3
Mexico,Hectares,2009,25771,3
Mexico,Hectares,2010,25584,3
Mexico,Hectares,2011,25397,3
Mexico,Hectares,2012,25210,3
Mexico,Hectares,2013,25023,3
Mexico,Hectares,2014,24838,3
Mexico,Hectares,2015,24743,3
Mexico,Hectares,2016,24374,3
Mexico,Hectares,2017,22926,3
Mexico,Hectares,2018,22607,3
Mexico,Hectares,2019,22129,3
Mexico,Hectares,2020,22869,3
Netherlands,Hectares,1993,937.2,3
Netherlands,Hectares,1994,938.1,3
Netherlands,Hectares,1995,952.8,3
Netherlands,Hectares,1996,960.9,3
Netherlands,Hectares,1997,1005.5,3
Netherlands,Hectares,1998,964.6,3
Netherlands,Hectares,1999,1046.2,3
Netherlands,Hectares,2000,1056.2,3
Netherlands,Hectares,2001,1041.6,3
Netherlands,Hectares,2002,1048.3,3
Netherlands,Hectares,2003,1123.2,3
Netherlands,Hectares,2004,1153.1,3
Netherlands,Hectares,2005,1138.2,3
Netherlands,Hectares,2006,1094.2,3
Netherlands,Hectares,2007,1081.8,3
Netherlands,Hectares,2008,1095.2,3
Netherlands,Hectares,2009,1083.8,3
Netherlands,Hectares,2010,1053.13,3
Netherlands,Hectares,2011,1032.69,3
Netherlands,Hectares,2012,1037.3,3
Netherlands,Hectares,2013,1065.2,3
Netherlands,Hectares,2014,1072.2,3
Netherlands,Hectares,2015,1070.99,3
Netherlands,Hectares,2016,1066.38,3
Netherlands,Hectares,2017,1074.61,3
Netherlands,Hectares,2018,1058.61,3
Netherlands,Hectares,2019,1048.78,3
Netherlands,Hectares,2020,1042.04,3
Netherlands,Hectares,2021,1040.93,3
New Zealand,Hectares,1993,416,3
New Zealand,Hectares,1994,416,3
New Zealand,Hectares,1995,420,3
New Zealand,Hectares,1996,420,3
New Zealand,Hectares,1997,420,3
New Zealand,Hectares,1998,420,3
New Zealand,Hectares,1999,420,3
New Zealand,Hectares,2000,420,3
New Zealand,Hectares,2001,418,3
New Zealand,Hectares,2002,418,3
New Zealand,Hectares,2003,418,3
New Zealand,Hectares,2004,483,3
New Zealand,Hectares,2005,488,3
New Zealand,Hectares,2006,462,3
New Zealand,Hectares,2007,617,3
New Zealand,Hectares,2008,522,3
New Zealand,Hectares,2009,542,3
New Zealand,Hectares,2010,570,3
New Zealand,Hectares,2011,542,3
New Zealand,Hectares,2012,580,3
New Zealand,Hectares,2013,618,3
New Zealand,Hectares,2014,663,3
New Zealand,Hectares,2015,683,3
New Zealand,Hectares,2016,668,3
New Zealand,Hectares,2017,693,3
New Zealand,Hectares,2018,723,3
New Zealand,Hectares,2019,703,3
New Zealand,Hectares,2020,681,3
New Zealand,Hectares,2021,690,3
Norway,Hectares,1995,895.5,3
Norway,Hectares,1996,898.7,3
Norway,Hectares,1997,902,3
Norway,Hectares,1998,902.6,3
Norway,Hectares,1999,887,3
Norway,Hectares,2000,884.1,3
Norway,Hectares,2001,886.2,3
Norway,Hectares,2002,883.1,3
Norway,Hectares,2003,876,3
Norway,Hectares,2004,873.7,3
Norway,Hectares,2005,866.2,3
Norway,Hectares,2006,862.8,3
Norway,Hectares,2007,857.5,3
Norway,Hectares,2008,849.1,3
Norway,Hectares,2010,833.2,3
Norway,Hectares,2011,825.3,3
Norway,Hectares,2012,819.2,3
Norway,Hectares,2013,813.8,3
Norway,Hectares,2014,814.1,3
Norway,Hectares,2015,813.2,3
Norway,Hectares,2016,808.16,3
Norway,Hectares,2017,804.5,3
Norway,Hectares,2018,806.28,3
Norway,Hectares,2019,803,3
Norway,Hectares,2020,807.66,3
Poland,Hectares,1993,14660.2,3
Poland,Hectares,1994,14642.1,3
Poland,Hectares,1995,14639.6,3
Poland,Hectares,1996,14405,3
Poland,Hectares,1997,14374,3
Poland,Hectares,1998,14383.7,3
Poland,Hectares,1999,14405.2,3
Poland,Hectares,2000,14348.3,3
Poland,Hectares,2001,14382.7,3
Poland,Hectares,2002,13329.4,3
Poland,Hectares,2003,12861.1,3
Poland,Hectares,2004,12927,3
Poland,Hectares,2005,12510.9,3
Poland,Hectares,2006,12733.5,3
Poland,Hectares,2007,12198,3
Poland,Hectares,2008,12417,3
Poland,Hectares,2009,12438.6,3
Poland,Hectares,2010,11338.2,3
Poland,Hectares,2011,11434.8,3
Poland,Hectares,2012,11269.4,3
Poland,Hectares,2013,11171.8,3
Poland,Hectares,2014,11304.4,3
Poland,Hectares,2015,11305.4,3
Poland,Hectares,2016,11230.2,3
Poland,Hectares,2017,11326.87,3
Poland,Hectares,2018,11389.68,3
Poland,Hectares,2019,11422.49,3
Poland,Hectares,2020,11552.04,3
Poland,Hectares,2021,11481.16,3
Portugal,Hectares,1993,3142.9,3
Portugal,Hectares,1994,3156.4,3
Portugal,Hectares,1995,3096.3,3
Portugal,Hectares,1996,3081.7,3
Portugal,Hectares,1997,3067.4,3
Portugal,Hectares,1998,2885.4,3
Portugal,Hectares,1999,2578,3
Portugal,Hectares,2000,2539.42,3
Portugal,Hectares,2001,2410.74,3
Portugal,Hectares,2002,2408.52,3
Portugal,Hectares,2003,2318.37,3
Portugal,Hectares,2004,2237.63,3
Portugal,Hectares,2005,2054.89,3
Portugal,Hectares,2006,1982.99,3
Portugal,Hectares,2007,1879.31,3
Portugal,Hectares,2008,1943.06,3
Portugal,Hectares,2009,1910.56,3
Portugal,Hectares,2010,1861.33,3
Portugal,Hectares,2011,1848.97,3
Portugal,Hectares,2012,1856.12,3
Portugal,Hectares,2013,1901.58,3
Portugal,Hectares,2014,1862.99,3
Portugal,Hectares,2015,1838.2,3
Portugal,Hectares,2016,1761.1,3
Portugal,Hectares,2017,1773.6,3
Portugal,Hectares,2018,1760.36,3
Portugal,Hectares,2019,1875.9,3
Portugal,Hectares,2020,1857.09,3
Portugal,Hectares,2021,1850.01,3
Slovak Republic,Hectares,1993,1615.7,3
Slovak Republic,Hectares,1994,1611.4,3
Slovak Republic,Hectares,1995,1611.1,3
Slovak Republic,Hectares,1996,1606.6,3
Slovak Republic,Hectares,1997,1602.8,3
Slovak Republic,Hectares,1998,1615.7,3
Slovak Republic,Hectares,1999,1613,3
Slovak Republic,Hectares,2000,1547.4,3
Slovak Republic,Hectares,2001,1470.6,3
Slovak Republic,Hectares,2002,1437.8,3
Slovak Republic,Hectares,2003,1441.1,3
Slovak Republic,Hectares,2004,1420.1,3
Slovak Republic,Hectares,2005,1417.1,3
Slovak Republic,Hectares,2006,1403.5,3
Slovak Republic,Hectares,2007,1402.1,3
Slovak Republic,Hectares,2008,1404.4,3
Slovak Republic,Hectares,2009,1406.8,3
Slovak Republic,Hectares,2010,1408.11,3
Slovak Republic,Hectares,2011,1411.5,3
Slovak Republic,Hectares,2012,1378.83,3
Slovak Republic,Hectares,2013,1414.81,3
Slovak Republic,Hectares,2014,1413.36,3
Slovak Republic,Hectares,2015,1368.63,3
Slovak Republic,Hectares,2016,1397.44,3
Slovak Republic,Hectares,2017,1392.97,3
Slovak Republic,Hectares,2018,1395.99,3
Slovak Republic,Hectares,2019,1397.32,3
Slovak Republic,Hectares,2020,1390.83,3
Slovak Republic,Hectares,2021,1344.05,3
Slovenia,Hectares,1993,235.1,3
Slovenia,Hectares,1994,229.8,3
Slovenia,Hectares,1995,234,3
Slovenia,Hectares,1996,228.8,3
Slovenia,Hectares,1997,204,3
Slovenia,Hectares,1998,203.4,3
Slovenia,Hectares,1999,171.2,3
Slovenia,Hectares,2000,208.3,3
Slovenia,Hectares,2001,202.5,3
Slovenia,Hectares,2002,198.3,3
Slovenia,Hectares,2003,202,3
Slovenia,Hectares,2004,203.7,3
Slovenia,Hectares,2005,205.8,3
Slovenia,Hectares,2006,205.6,3
Slovenia,Hectares,2007,201.19,3
Slovenia,Hectares,2008,206.45,3
Slovenia,Hectares,2009,201.19,3
Slovenia,Hectares,2010,196.94,3
Slovenia,Hectares,2011,195.59,3
Slovenia,Hectares,2012,198.5,3
Slovenia,Hectares,2013,201.41,3
Slovenia,Hectares,2014,202.31,3
Slovenia,Hectares,2015,198.19,3
Slovenia,Hectares,2016,201.43,3
Slovenia,Hectares,2017,202.2,3
Slovenia,Hectares,2018,200.76,3
Slovenia,Hectares,2019,202.07,3
Slovenia,Hectares,2020,204.47,3
Slovenia,Hectares,2021,203.89,3
Spain,Hectares,1993,19522.9,3
Spain,Hectares,1994,18236.7,3
Spain,Hectares,1995,18604.1,3
Spain,Hectares,1996,18555.6,3
Spain,Hectares,1997,18873.3,3
Spain,Hectares,1998,18618.8,3
Spain,Hectares,1999,18422.9,3
Spain,Hectares,2000,18307.7,3
Spain,Hectares,2001,17943,3
Spain,Hectares,2002,17875.8,3
Spain,Hectares,2003,17971.5,3
Spain,Hectares,2004,17977.2,3
Spain,Hectares,2005,18464.4,3
Spain,Hectares,2006,17697.9,3
Spain,Hectares,2007,18116.5,3
Spain,Hectares,2008,17692.5,3
Spain,Hectares,2009,17381.6,3
Spain,Hectares,2010,17348.06,3
Spain,Hectares,2011,17286.37,3
Spain,Hectares,2012,17152,3
Spain,Hectares,2013,17103.83,3
Spain,Hectares,2014,17209.43,3
Spain,Hectares,2015,17498.09,3
Spain,Hectares,2016,17344.94,3
Spain,Hectares,2017,17270.36,3
Spain,Hectares,2018,17164.54,3
Spain,Hectares,2019,17115.47,3
Spain,Hectares,2020,17018.77,3
Spain,Hectares,2021,16924.42,3
Sweden,Hectares,1993,2621.8,3
Sweden,Hectares,1994,2784,3
Sweden,Hectares,1995,2735.2,3
Sweden,Hectares,1996,2761.2,3
Sweden,Hectares,1997,2732.2,3
Sweden,Hectares,1998,2724.2,3
Sweden,Hectares,1999,2683.5,3
Sweden,Hectares,2000,2602.2,3
Sweden,Hectares,2001,2681.7,3
Sweden,Hectares,2002,2657.4,3
Sweden,Hectares,2003,2644.5,3
Sweden,Hectares,2004,2648.6,3
Sweden,Hectares,2005,2690,3
Sweden,Hectares,2006,2648.6,3
Sweden,Hectares,2007,2634.5,3
Sweden,Hectares,2008,2617.8,3
Sweden,Hectares,2009,2630.6,3
Sweden,Hectares,2010,2621.5,3
Sweden,Hectares,2011,2606.7,3
Sweden,Hectares,2012,2596.4,3
Sweden,Hectares,2013,2593.18,3
Sweden,Hectares,2014,2584.32,3
Sweden,Hectares,2015,2578.52,3
Sweden,Hectares,2016,2568.98,3
Sweden,Hectares,2017,2558.43,3
Sweden,Hectares,2018,2545.24,3
Sweden,Hectares,2019,2543.5,3
Sweden,Hectares,2020,2542.03,3
Sweden,Hectares,2021,2538.68,3
Switzerland,Hectares,2005,431.63,3
Switzerland,Hectares,2006,432.56,3
Switzerland,Hectares,2007,432.43,3
Switzerland,Hectares,2008,432.16,3
Switzerland,Hectares,2009,432.41,3
Switzerland,Hectares,2010,431.1,3
Switzerland,Hectares,2011,430.65,3
Switzerland,Hectares,2012,430.94,3
Switzerland,Hectares,2013,431.33,3
Switzerland,Hectares,2014,429.09,3
Switzerland,Hectares,2015,427.6,3
Switzerland,Hectares,2016,428.33,3
Switzerland,Hectares,2017,427.8,3
Switzerland,Hectares,2018,428.01,3
Switzerland,Hectares,2019,428.76,3
Switzerland,Hectares,2020,431.21,3
Türkiye,Hectares,1993,27535,3
Türkiye,Hectares,1994,27671,3
Türkiye,Hectares,1995,26834,3
Türkiye,Hectares,1996,26986,3
Türkiye,Hectares,1997,26864,3
Türkiye,Hectares,1998,26969,3
Türkiye,Hectares,1999,26802,3
Türkiye,Hectares,2000,26379,3
Türkiye,Hectares,2001,26350,3
Türkiye,Hectares,2002,26579,3
Türkiye,Hectares,2003,26028,3
Türkiye,Hectares,2004,26593,3
Türkiye,Hectares,2005,26606,3
Türkiye,Hectares,2006,25876,3
Türkiye,Hectares,2007,24888,3
Türkiye,Hectares,2008,24505,3
Türkiye,Hectares,2009,24294,3
Türkiye,Hectares,2010,24395,3
Türkiye,Hectares,2011,23614,3
Türkiye,Hectares,2012,23782,3
Türkiye,Hectares,2013,23805,3
Türkiye,Hectares,2014,23943,3
Türkiye,Hectares,2015,23934,3
Türkiye,Hectares,2016,23711,3
Türkiye,Hectares,2017,23346,3
Türkiye,Hectares,2018,23180,3
Türkiye,Hectares,2019,23180,3
Türkiye,Hectares,2020,23145,3
Türkiye,Hectares,2021,23472,3
United Kingdom,Hectares,1993,6202.5,3
United Kingdom,Hectares,1994,5964,3
United Kingdom,Hectares,1995,5966,3
United Kingdom,Hectares,1996,6080.6,3
United Kingdom,Hectares,1997,6268.2,3
United Kingdom,Hectares,1998,6147,3
United Kingdom,Hectares,1999,42,3
United Kingdom,Hectares,2000,6487.7,3
United Kingdom,Hectares,2001,6497.4,3
United Kingdom,Hectares,2002,6453.5,3
United Kingdom,Hectares,2003,6392.6,3
United Kingdom,Hectares,2004,6420.8,3
United Kingdom,Hectares,2005,6310,3
United Kingdom,Hectares,2006,6195,3
United Kingdom,Hectares,2007,6212.6,3
United Kingdom,Hectares,2008,6068.4,3
United Kingdom,Hectares,2009,6066,3
United Kingdom,Hectares,2010,6012,3
United Kingdom,Hectares,2011,6104,3
United Kingdom,Hectares,2012,6292,3
United Kingdom,Hectares,2013,6308,3
United Kingdom,Hectares,2014,6275,3
United Kingdom,Hectares,2015,6055,3
United Kingdom,Hectares,2016,6069,3
United Kingdom,Hectares,2017,6126,3
United Kingdom,Hectares,2018,6080,3
United Kingdom,Hectares,2019,6128,3
United States,Hectares,1993,184948,3
United States,Hectares,1994,184139,3
United States,Hectares,1995,184139,3
United States,Hectares,1996,181306,3
United States,Hectares,1997,184139,3
United States,Hectares,1998,179282,3
United States,Hectares,1999,178473,3
United States,Hectares,2000,178877,3
United States,Hectares,2001,176449,3
United States,Hectares,2002,178710,3
United States,Hectares,2003,179402,3
United States,Hectares,2004,176974,3
United States,Hectares,2005,175178,3
United States,Hectares,2006,173230,3
United States,Hectares,2007,165168,3
United States,Hectares,2008,166942,3
United States,Hectares,2009,164046,3
United States,Hectares,2010,158526.2,3
United States,Hectares,2011,156527.7,3
United States,Hectares,2012,158626.974,3
United States,Hectares,2013,157214.697,3
United States,Hectares,2014,159063.885,3
United States,Hectares,2015,157302.055,3
United States,Hectares,2016,157559.976,3
United States,Hectares,2017,157559.976,3
United States,Hectares,2018,159178.754,3
United States,Hectares,2019,153108.337,3
European Union (28 countries),Hectares,2000,127074.57,3
European Union (28 countries),Hectares,2001,12618.12,3
European Union (28 countries),Hectares,2003,110265.51,3
European Union (28 countries),Hectares,2004,109986.84,3
European Union (28 countries),Hectares,2006,111317,3
European Union (28 countries),Hectares,2007,107898.5,3
European Union (28 countries),Hectares,2008,119469.06,3
European Union (28 countries),Hectares,2010,118345.2,3
European Union (28 countries),Hectares,2011,117940.21,3
European Union (28 countries),Hectares,2012,117308.98,3
European Union (28 countries),Hectares,2013,117754.8,3
European Union (28 countries),Hectares,2014,118355.2,3
European Union (28 countries),Hectares,2015,118011.28,3
European Union (28 countries),Hectares,2016,117674.81,3
European Union (28 countries),Hectares,2017,117725.14,3
European Union (28 countries),Hectares,2018,117222.19,3
European Union (28 countries),Hectares,2019,117712.99,3
European Union (27 countries from 01/02/2020),Hectares,2000,120586.87,3
European Union (27 countries from 01/02/2020),Hectares,2001,12581.52,3
European Union (27 countries from 01/02/2020),Hectares,2003,103911.31,3
European Union (27 countries from 01/02/2020),Hectares,2004,103603.94,3
European Union (27 countries from 01/02/2020),Hectares,2006,105157,3
European Union (27 countries from 01/02/2020),Hectares,2007,101721.3,3
European Union (27 countries from 01/02/2020),Hectares,2008,113400.66,3
European Union (27 countries from 01/02/2020),Hectares,2010,112333.2,3
European Union (27 countries from 01/02/2020),Hectares,2011,111836.21,3
European Union (27 countries from 01/02/2020),Hectares,2012,111016.98,3
European Union (27 countries from 01/02/2020),Hectares,2013,111446.8,3
European Union (27 countries from 01/02/2020),Hectares,2014,112080.2,3
European Union (27 countries from 01/02/2020),Hectares,2015,111956.28,3
European Union (27 countries from 01/02/2020),Hectares,2016,111605.81,3
European Union (27 countries from 01/02/2020),Hectares,2017,111599.14,3
European Union (27 countries from 01/02/2020),Hectares,2018,111142.19,3
European Union (27 countries from 01/02/2020),Hectares,2019,111584.99,3
European Union (27 countries from 01/02/2020),Hectares,2020,110826.79,3
Argentina,Hectares,1993,27910,3
Argentina,Hectares,1994,28018,3
Argentina,Hectares,1995,28125,3
Argentina,Hectares,1996,28232,3
Argentina,Hectares,1997,28335,3
Argentina,Hectares,1998,28440,3
Argentina,Hectares,1999,28532,3
Argentina,Hectares,2000,28640,3
Argentina,Hectares,2001,28746,3
Argentina,Hectares,2002,28862,3
Argentina,Hectares,2003,30828.2,3
Argentina,Hectares,2004,32794.4,3
Argentina,Hectares,2005,34791.6,3
Argentina,Hectares,2006,36582.5,3
Argentina,Hectares,2007,37984.9,3
Argentina,Hectares,2008,36636.3,3
Argentina,Hectares,2009,35490.7,3
Argentina,Hectares,2010,39003.1,3
Argentina,Hectares,2011,39626.5,3
Argentina,Hectares,2012,40622.9,3
Argentina,Hectares,2013,40391.3,3
Argentina,Hectares,2014,39039.7,3
Argentina,Hectares,2015,37688.1,3
Argentina,Hectares,2016,36336.5,3
Argentina,Hectares,2017,34984.9,3
Argentina,Hectares,2018,33700.76,3
Argentina,Hectares,2019,33700.76,3
Argentina,Hectares,2020,33700.76,3
Brazil,Hectares,1993,52643,3
Brazil,Hectares,1994,51372,3
Brazil,Hectares,1995,50105,3
Brazil,Hectares,1996,51058,3
Brazil,Hectares,1997,52011,3
Brazil,Hectares,1998,52964,3
Brazil,Hectares,1999,53917,3
Brazil,Hectares,2000,54870,3
Brazil,Hectares,2001,55823,3
Brazil,Hectares,2002,56776,3
Brazil,Hectares,2003,57729,3
Brazil,Hectares,2004,58682,3
Brazil,Hectares,2005,59635,3
Brazil,Hectares,2006,60593,3
Brazil,Hectares,2007,60859,3
Brazil,Hectares,2008,61125,3
Brazil,Hectares,2009,61391,3
Brazil,Hectares,2010,61657,3
Brazil,Hectares,2011,61923,3
Brazil,Hectares,2012,62189,3
Brazil,Hectares,2013,62455,3
Brazil,Hectares,2014,62721,3
Brazil,Hectares,2015,62987,3
Brazil,Hectares,2016,63253,3
Brazil,Hectares,2017,63517.8,3
Brazil,Hectares,2018,63518,3
Brazil,Hectares,2019,63518,3
Brazil,Hectares,2020,63518,3
Bulgaria,Hectares,1993,4307,3
Bulgaria,Hectares,1994,4217,3
Bulgaria,Hectares,1995,4202,3
Bulgaria,Hectares,1996,4403,3
Bulgaria,Hectares,1997,4497,3
Bulgaria,Hectares,1998,3813.7,3
Bulgaria,Hectares,1999,3855.6,3
Bulgaria,Hectares,2000,3783.3,3
Bulgaria,Hectares,2001,3710,3
Bulgaria,Hectares,2002,3580.6,3
Bulgaria,Hectares,2003,3535.2,3
Bulgaria,Hectares,2004,3527.7,3
Bulgaria,Hectares,2005,228.8,3
Bulgaria,Hectares,2006,3311.8,3
Bulgaria,Hectares,2007,3278.9,3
Bulgaria,Hectares,2008,3269.8,3
Bulgaria,Hectares,2009,3308.4,3
Bulgaria,Hectares,2010,3347.72,3
Bulgaria,Hectares,2011,3409.65,3
Bulgaria,Hectares,2012,3476,3
Bulgaria,Hectares,2013,3614.07,3
Bulgaria,Hectares,2014,3612.83,3
Bulgaria,Hectares,2015,3642.82,3
Bulgaria,Hectares,2016,3637.33,3
Bulgaria,Hectares,2017,3637.18,3
Bulgaria,Hectares,2018,3631.24,3
Bulgaria,Hectares,2019,3628.99,3
Bulgaria,Hectares,2020,3643.26,3
Bulgaria,Hectares,2021,3649.52,3
China (People’s Republic of),Hectares,1993,130882,3
China (People’s Republic of),Hectares,1994,130879,3
China (People’s Republic of),Hectares,1995,130880,3
China (People’s Republic of),Hectares,1996,130918,3
China (People’s Republic of),Hectares,1997,130910.25,3
China (People’s Republic of),Hectares,1998,130904.5,3
China (People’s Republic of),Hectares,1999,130900.75,3
China (People’s Republic of),Hectares,2000,130897,3
China (People’s Republic of),Hectares,2001,131488.844,3
China (People’s Republic of),Hectares,2002,132080.689,3
China (People’s Republic of),Hectares,2003,132671.533,3
China (People’s Republic of),Hectares,2004,133257.378,3
China (People’s Republic of),Hectares,2005,133848.222,3
China (People’s Republic of),Hectares,2006,134438.067,3
China (People’s Republic of),Hectares,2007,135027.911,3
China (People’s Republic of),Hectares,2008,135617.756,3
China (People’s Republic of),Hectares,2009,136204.6,3
China (People’s Republic of),Hectares,2010,136085.8,3
China (People’s Republic of),Hectares,2011,136051.1,3
China (People’s Republic of),Hectares,2012,135965.5,3
China (People’s Republic of),Hectares,2013,135967.5,3
China (People’s Republic of),Hectares,2014,135861,3
China (People’s Republic of),Hectares,2015,135799.4,3
China (People’s Republic of),Hectares,2016,135718.9,3
China (People’s Republic of),Hectares,2017,135678.1,3
China (People’s Republic of),Hectares,2018,135675.7,3
China (People’s Republic of),Hectares,2019,135675.2,3
China (People’s Republic of),Hectares,2020,135674.1,3
Croatia,Hectares,2000,911.05,3
Croatia,Hectares,2001,923.29,3
Croatia,Hectares,2002,927.64,3
Croatia,Hectares,2003,934.88,3
Croatia,Hectares,2004,916.7,3
Croatia,Hectares,2005,945.55,3
Croatia,Hectares,2006,956.99,3
Croatia,Hectares,2007,932.02,3
Croatia,Hectares,2008,946.67,3
Croatia,Hectares,2009,956.28,3
Croatia,Hectares,2010,988.44,3
Croatia,Hectares,2011,975.45,3
Croatia,Hectares,2012,982.48,3
Croatia,Hectares,2013,948.15,3
Croatia,Hectares,2014,888.67,3
Croatia,Hectares,2015,919.56,3
Croatia,Hectares,2016,946.03,3
Croatia,Hectares,2017,889.11,3
Croatia,Hectares,2018,878.09,3
Croatia,Hectares,2019,898.32,3
Croatia,Hectares,2020,969.53,3
Croatia,Hectares,2021,936.76,3
Cyprus,Hectares,1993,142.5,3
Cyprus,Hectares,1994,133.4,3
Cyprus,Hectares,1995,134.4,3
Cyprus,Hectares,1996,136.4,3
Cyprus,Hectares,1997,133,3
Cyprus,Hectares,1998,135,3
Cyprus,Hectares,1999,95.4,3
Cyprus,Hectares,2000,131,3
Cyprus,Hectares,2001,129.5,3
Cyprus,Hectares,2002,124.9,3
Cyprus,Hectares,2003,154.9,3
Cyprus,Hectares,2004,154.35,3
Cyprus,Hectares,2005,165.76,3
Cyprus,Hectares,2006,155.71,3
Cyprus,Hectares,2007,147.64,3
Cyprus,Hectares,2008,125.11,3
Cyprus,Hectares,2009,122.45,3
Cyprus,Hectares,2010,112.65,3
Cyprus,Hectares,2011,113.96,3
Cyprus,Hectares,2012,113.95,3
Cyprus,Hectares,2013,105.28,3
Cyprus,Hectares,2014,105.28,3
Cyprus,Hectares,2015,124.55,3
Cyprus,Hectares,2016,110.94,3
Cyprus,Hectares,2017,120.09,3
Cyprus,Hectares,2018,130.85,3
Cyprus,Hectares,2019,123.79,3
Cyprus,Hectares,2020,125.53,3
Cyprus,Hectares,2021,121.27,3
India,Hectares,1993,170286,3
India,Hectares,1994,170325,3
India,Hectares,1995,169911,3
India,Hectares,1996,169525,3
India,Hectares,1997,170101,3
India,Hectares,1998,170029,3
India,Hectares,1999,170125,3
India,Hectares,2000,170130,3
India,Hectares,2001,169825,3
India,Hectares,2002,170032,3
India,Hectares,2003,169799,3
India,Hectares,2004,169891,3
India,Hectares,2005,169674,3
India,Hectares,2006,169462,3
India,Hectares,2007,169202,3
India,Hectares,2008,169395,3
India,Hectares,2009,169724,3
India,Hectares,2010,169234,3
India,Hectares,2011,169369,3
India,Hectares,2012,169346,3
India,Hectares,2013,169442,3
India,Hectares,2014,169463,3
India,Hectares,2015,169413,3
India,Hectares,2016,169317,3
India,Hectares,2017,168895.136,3
India,Hectares,2018,168777.911,3
India,Hectares,2019,168669.076,3
India,Hectares,2020,168669.076,3
Indonesia,Hectares,1993,30216,3
Indonesia,Hectares,1994,30171,3
Indonesia,Hectares,1995,31178,3
Indonesia,Hectares,1996,31791,3
Indonesia,Hectares,1997,32350,3
Indonesia,Hectares,1998,32700,3
Indonesia,Hectares,1999,34700,3
Indonesia,Hectares,2000,36000,3
Indonesia,Hectares,2001,36600,3
Indonesia,Hectares,2002,37081,3
Indonesia,Hectares,2003,40006,3
Indonesia,Hectares,2004,42366,3
Indonesia,Hectares,2005,40846,3
Indonesia,Hectares,2006,40500,3
Indonesia,Hectares,2007,42000,3
Indonesia,Hectares,2008,43000,3
Indonesia,Hectares,2009,44600,3
Indonesia,Hectares,2010,44600,3
Indonesia,Hectares,2011,45500,3
Indonesia,Hectares,2012,45500,3
Indonesia,Hectares,2013,46000,3
Indonesia,Hectares,2014,46000,3
Indonesia,Hectares,2015,46300,3
Indonesia,Hectares,2016,49200,3
Indonesia,Hectares,2017,51300,3
Indonesia,Hectares,2018,51300,3
Indonesia,Hectares,2019,51300,3
Indonesia,Hectares,2020,51300,3
Kazakhstan,Hectares,1993,35185,3
Kazakhstan,Hectares,1994,34828,3
Kazakhstan,Hectares,1995,34860.5,3
Kazakhstan,Hectares,1996,33147.6,3
Kazakhstan,Hectares,1997,32691.8,3
Kazakhstan,Hectares,1998,32294.8,3
Kazakhstan,Hectares,1999,32195.3,3
Kazakhstan,Hectares,2000,30295.3,3
Kazakhstan,Hectares,2001,29485.6,3
Kazakhstan,Hectares,2002,28468.9,3
Kazakhstan,Hectares,2003,28465.4,3
Kazakhstan,Hectares,2004,28598.5,3
Kazakhstan,Hectares,2005,28678,3
Kazakhstan,Hectares,2006,28731.5,3
Kazakhstan,Hectares,2007,28755.6,3
Kazakhstan,Hectares,2008,28634.8,3
Kazakhstan,Hectares,2009,28735.6,3
Kazakhstan,Hectares,2010,28800.1,3
Kazakhstan,Hectares,2011,29297.8,3
Kazakhstan,Hectares,2012,29459.7,3
Kazakhstan,Hectares,2013,29526.2,3
Kazakhstan,Hectares,2014,29602.2,3
Kazakhstan,Hectares,2015,29733.1,3
Kazakhstan,Hectares,2016,29774.2,3
Kazakhstan,Hectares,2017,29789,3
Kazakhstan,Hectares,2018,29880,3
Kazakhstan,Hectares,2019,29510.3,3
Kazakhstan,Hectares,2020,29685.2,3
Malta,Hectares,1998,9.8,3
Malta,Hectares,1999,9.8,3
Malta,Hectares,2000,9.7,3
Malta,Hectares,2001,9.7,3
Malta,Hectares,2002,9.7,3
Malta,Hectares,2003,10.79,3
Malta,Hectares,2004,10.79,3
Malta,Hectares,2005,10.26,3
Malta,Hectares,2006,10.26,3
Malta,Hectares,2007,10.33,3
Malta,Hectares,2008,10.33,3
Malta,Hectares,2009,10.33,3
Malta,Hectares,2010,11.45,3
Malta,Hectares,2011,11.45,3
Malta,Hectares,2012,11.45,3
Malta,Hectares,2013,11.69,3
Malta,Hectares,2014,11.69,3
Malta,Hectares,2015,11.69,3
Malta,Hectares,2016,11.58,3
Malta,Hectares,2017,11.58,3
Malta,Hectares,2018,11.58,3
Malta,Hectares,2019,11.58,3
Malta,Hectares,2020,10.71,3
Malta,Hectares,2021,10.73,3
Philippines,Hectares,1993,9785,3
Philippines,Hectares,1994,9735,3
Philippines,Hectares,1995,9685,3
Philippines,Hectares,1996,9735,3
Philippines,Hectares,1997,9885,3
Philippines,Hectares,1998,9835,3
Philippines,Hectares,1999,9785,3
Philippines,Hectares,2000,9734,3
Philippines,Hectares,2001,9684,3
Philippines,Hectares,2002,9635,3
Philippines,Hectares,2003,9740,3
Philippines,Hectares,2004,9970,3
Philippines,Hectares,2005,9855,3
Philippines,Hectares,2006,10080,3
Philippines,Hectares,2007,10290,3
Philippines,Hectares,2008,10510,3
Philippines,Hectares,2009,10600,3
Philippines,Hectares,2010,10600,3
Philippines,Hectares,2011,10760,3
Philippines,Hectares,2012,10930,3
Philippines,Hectares,2013,10969,3
Philippines,Hectares,2014,10998,3
Philippines,Hectares,2015,11027,3
Philippines,Hectares,2016,11056,3
Philippines,Hectares,2017,11085,3
Philippines,Hectares,2018,11114,3
Philippines,Hectares,2019,11143,3
Philippines,Hectares,2020,11175,3
Romania,Hectares,1993,9939.6,3
Romania,Hectares,1994,9923.7,3
Romania,Hectares,1995,9905.4,3
Romania,Hectares,1996,9895.3,3
Romania,Hectares,1997,9904.2,3
Romania,Hectares,1998,9840.4,3
Romania,Hectares,1999,9843.9,3
Romania,Hectares,2000,9865.78,3
Romania,Hectares,2001,9862.76,3
Romania,Hectares,2002,9860.23,3
Romania,Hectares,2003,9843.06,3
Romania,Hectares,2004,9343.84,3
Romania,Hectares,2005,9495.1,3
Romania,Hectares,2006,9408.04,3
Romania,Hectares,2007,9136.29,3
Romania,Hectares,2008,9184.19,3
Romania,Hectares,2009,9249.17,3
Romania,Hectares,2010,9609.8,3
Romania,Hectares,2011,9438.85,3
Romania,Hectares,2012,9244.32,3
Romania,Hectares,2013,9187.75,3
Romania,Hectares,2014,9203.48,3
Romania,Hectares,2015,9203.09,3
Romania,Hectares,2016,8999.47,3
Romania,Hectares,2017,8957.76,3
Romania,Hectares,2018,9125.33,3
Romania,Hectares,2019,9378.06,3
Romania,Hectares,2020,8885.77,3
Romania,Hectares,2021,8989.22,3
Russia,Hectares,1993,131295,3
Russia,Hectares,1994,130404,3
Russia,Hectares,1995,129400,3
Russia,Hectares,1996,127973,3
Russia,Hectares,1997,129384,3
Russia,Hectares,1998,127959,3
Russia,Hectares,1999,126820,3
Russia,Hectares,2000,126238,3
Russia,Hectares,2001,125718,3
Russia,Hectares,2002,125300,3
Russia,Hectares,2003,124373,3
Russia,Hectares,2004,123956,3
Russia,Hectares,2005,123581,3
Russia,Hectares,2006,123371,3
Russia,Hectares,2007,123368,3
Russia,Hectares,2008,123442,3
Russia,Hectares,2009,123442,3
Russia,Hectares,2010,123442,3
Russia,Hectares,2011,123442,3
Russia,Hectares,2012,123442,3
Russia,Hectares,2013,123442,3
Russia,Hectares,2014,123442,3
Russia,Hectares,2015,123442,3
Russia,Hectares,2016,123442,3
Russia,Hectares,2017,123442,3
Russia,Hectares,2018,123442,3
Russia,Hectares,2019,123442,3
Russia,Hectares,2020,123442,3
South Africa,Hectares,1993,13736,3
South Africa,Hectares,1994,13765,3
South Africa,Hectares,1995,13820,3
South Africa,Hectares,1996,13990,3
South Africa,Hectares,1997,14045,3
South Africa,Hectares,1998,14060,3
South Africa,Hectares,1999,14130,3
South Africa,Hectares,2000,14197,3
South Africa,Hectares,2001,14085,3
South Africa,Hectares,2002,14100,3
South Africa,Hectares,2003,14000,3
South Africa,Hectares,2004,13680,3
South Africa,Hectares,2005,13555,3
South Africa,Hectares,2006,12960,3
South Africa,Hectares,2007,12962,3
South Africa,Hectares,2008,13180,3
South Africa,Hectares,2009,13060,3
South Africa,Hectares,2010,12963,3
South Africa,Hectares,2011,12446,3
South Africa,Hectares,2012,12413,3
South Africa,Hectares,2013,12413,3
South Africa,Hectares,2014,12413,3
South Africa,Hectares,2015,12413,3
South Africa,Hectares,2016,12413,3
South Africa,Hectares,2017,12413,3
South Africa,Hectares,2018,12413,3
South Africa,Hectares,2019,12413,3
South Africa,Hectares,2020,12413,3
Ukraine,Hectares,1993,34417,3
Ukraine,Hectares,1994,34357,3
Ukraine,Hectares,1995,34329,3
Ukraine,Hectares,1996,34211,3
Ukraine,Hectares,1997,34081,3
Ukraine,Hectares,1998,33821,3
Ukraine,Hectares,1999,33615,3
Ukraine,Hectares,2000,33496,3
Ukraine,Hectares,2001,33461,3
Ukraine,Hectares,2002,33457,3
Ukraine,Hectares,2003,33387,3
Ukraine,Hectares,2004,33386,3
Ukraine,Hectares,2005,33353,3
Ukraine,Hectares,2006,33345,3
Ukraine,Hectares,2007,33333,3
Ukraine,Hectares,2008,33374,3
Ukraine,Hectares,2009,33376,3
Ukraine,Hectares,2010,33374,3
Ukraine,Hectares,2011,33395,3
Ukraine,Hectares,2012,33412,3
Ukraine,Hectares,2013,33671,3
Ukraine,Hectares,2014,33663,3
Ukraine,Hectares,2015,33667,3
Ukraine,Hectares,2016,33673,3
Ukraine,Hectares,2017,33668,3
Ukraine,Hectares,2018,33752,3
Ukraine,Hectares,2019,33777,3
Ukraine,Hectares,2020,33777,3
Viet Nam,Hectares,1993,6759,3
Viet Nam,Hectares,1994,6812,3
Viet Nam,Hectares,1995,6751,3
Viet Nam,Hectares,1996,7004,3
Viet Nam,Hectares,1997,7202,3
Viet Nam,Hectares,1998,7413,3
Viet Nam,Hectares,1999,7771,3
Viet Nam,Hectares,2000,8138,3
Viet Nam,Hectares,2001,8841,3
Viet Nam,Hectares,2002,8813,3
Viet Nam,Hectares,2003,8895,3
Viet Nam,Hectares,2004,9153.6,3
Viet Nam,Hectares,2005,9412.1,3
Viet Nam,Hectares,2006,9436,3
Viet Nam,Hectares,2007,9420.6,3
Viet Nam,Hectares,2008,9598.8,3
Viet Nam,Hectares,2009,9650,3
Viet Nam,Hectares,2010,10118.1,3
Viet Nam,Hectares,2011,10126.6,3
Viet Nam,Hectares,2012,10151.3,3
Viet Nam,Hectares,2013,10210.8,3
Viet Nam,Hectares,2014,10231.7,3
Viet Nam,Hectares,2015,11505.8,3
Viet Nam,Hectares,2016,11530.2,3
Viet Nam,Hectares,2017,11526.8,3
Viet Nam,Hectares,2018,11498.5,3
Viet Nam,Hectares,2019,11746,3
Viet Nam,Hectares,2020,11718,3